team,mu_attack,mu_defense,sigma_attack,sigma_defense,sigma_ad,mu_global,quality,quality_low,mu_attack_low,mu_defense_low,year,rating_attack,rating_defense,rating
Afghanistan,-1.8515230714753845,-1.7241338338406236,0.02852361944932442,0.023716467510239904,0.012818958662913781,0.2604579754306582,-3.5756569053160083,-4.1337895214043066,-2.1893018123654793,-2.0321368696064415,2026.0,17.812026497048528,21.190835005505193,19.444246863933568
Albania,-0.765014390043508,-0.47249511815718404,0.01995504436837429,0.019430259764284023,0.009856767864860104,0.2604579754306582,-1.237509508200692,-1.723714567254497,-1.0475390393636994,-0.7512800514967318,2026.0,60.84338702032335,75.19778367530222,68.14394297266728
Algeria,-0.3440128603569266,-0.427990473925955,0.013214102678313001,0.019406366413892442,0.007548587048531774,0.2604579754306582,-0.7720033342828816,-1.2088907027854237,-0.5739180815095833,-0.7066039439082403,2026.0,80.96053281213398,77.2509561659412,79.13497138287784
American Samoa,-3.452884778563136,-3.683761306797581,0.06635740690377646,0.029910315947052235,0.019210604108844592,0.2604579754306582,-7.1366460853607165,-7.87064589753649,-3.9680834078461587,-4.029653289630675,2026.0,1.2849124447392168,0.835370791928558,1.0373598406048123
Andorra,-1.8632089730090697,-1.1519996822355236,0.031060631441745017,0.016694192558620275,0.010364319175868787,0.2604579754306582,-3.015208655244593,-3.538595557457871,-2.215689505474311,-1.4104116986637096,2026.0,17.524706655573862,42.21206275024212,28.01839861356691
Angola,-1.0056190492722927,-0.7065365690974295,0.019842866571081738,0.021000151612521483,0.010119270719962737,0.2604579754306582,-1.7121556183697222,-2.206449294734406,-1.2873484696108988,-0.9963651502451243,2026.0,48.99042952813842,63.773907232100655,56.293775202890096
Anguilla,-2.875440434308683,-2.72101350733163,0.04305973936944318,0.018973842221723,0.010448180799490284,0.2604579754306582,-5.596453941640313,-6.17240513120466,-3.2904572502062712,-2.9965046485447226,2026.0,3.592245384291892,4.666024237439537,4.097244032496028
Antigua and Barbuda,-1.9116552777186526,-2.1281276865785603,0.024173480838042657,0.020769755907425597,0.010510489676833035,0.2604579754306582,-4.039782964297213,-4.553452959913598,-2.2226117430834536,-2.416362007279101,2026.0,16.372811016008914,11.953852112116826,14.019991152001642
Argentina,0.17301446802328313,0.3526585235545853,0.015637471227631674,0.022185749790788255,0.009851206911478958,0.2604579754306582,0.5256729915778684,0.045982946480504105,-0.07708528189767677,0.054760891534535505,2026.0,96.6520909838775,98.82746753721261,97.92921949521556
Armenia,-0.9100918911234248,-1.2284303885731482,0.020970808013621493,0.016352194942326273,0.009174221579572404,0.2604579754306582,-2.138522279696573,-2.6104182263419857,-1.199717912147928,-1.4841817908553354,2026.0,53.62332155522973,38.867592348370636,45.98876042710977
Aruba,-1.682823132481717,-2.0636770961202284,0.02725545015118447,0.021942595724105243,0.010657129912108399,0.2604579754306582,-3.7465002286019455,-4.277583294419362,-2.0130076272793045,-2.359937763263913,2026.0,22.386225802110047,13.15094165410191,17.28078725215734
Australia,-0.4090486951133607,-0.2750459657208366,0.01664879402924746,0.02212074829332593,0.009864843794924593,0.2604579754306582,-0.6840946608341973,-1.1678269418013563,-0.6671091068719058,-0.5725068760490741,2026.0,78.10767220320919,83.81508349444167,81.04444623196075
Austria,-0.16555356057058138,-0.3497443112427615,0.014848574764919471,0.018972394997746167,0.0083657260723469,0.2604579754306582,-0.5152978718133429,-0.9649751868175998,-0.4092630168082865,-0.6252249457544903,2026.0,87.92217506147412,80.71503172432878,84.50421662453255
Azerbaijan,-1.219834841321712,-1.04678291309498,0.023029927944868866,0.017462391662855185,0.00963605073340219,0.2604579754306582,-2.266617754416692,-2.7555530101490984,-1.5233471339549354,-1.3110735989910607,2026.0,39.23630732789496,47.04007969024152,43.05171560692378
Bahamas,-2.327060025684421,-2.6868133033678356,0.03193791356303308,0.01929537163101735,0.00938520108771916,0.2604579754306582,-5.013873329052257,-5.5430375280282975,-2.6844836598388127,-2.9646288654302757,2026.0,8.824476194469055,4.940064682115153,6.633984900246559
Bahrain,-1.115623896486808,-0.9360200278017046,0.018398781061313943,0.01923050020919896,0.009694882243552123,0.2604579754306582,-2.0516439242885127,-2.529217146978467,-1.386908109527773,-1.2133681859654029,2026.0,43.85364063513251,52.35298628129783,48.02930734927605
Bangladesh,-2.1303598447251,-1.8132418276203728,0.028653428604226927,0.02062046953399819,0.012367255303664202,0.2604579754306582,-3.9436016723454728,-4.48769140298024,-2.4689063177785164,-2.100438412098658,2026.0,11.914092935567666,18.779488119895447,15.02862729364317
Barbados,-1.8783493542790306,-2.066656460827172,0.02459048731716114,0.021701838514344304,0.01098230001462087,0.2604579754306582,-3.9450058151062026,-4.467526344313418,-2.1919764405911737,-2.3612873384645594,2026.0,17.157959038039895,13.093474578638409,15.013485485797883
Belarus,-0.8741656213815256,-0.8471454412069619,0.02200516639809751,0.017731640457504933,0.010107505564960718,0.2604579754306582,-1.7213110625884875,-2.211012269389222,-1.1708483906695144,-1.1134658531734871,2026.0,55.3963383533046,56.73796461191625,56.06638164553577
Belgium,0.07167663314009465,-0.15527227970801244,0.013647392528980814,0.020060663061561335,0.008319443147679425,0.2604579754306582,-0.08359564656791779,-0.5323581311225026,-0.16196747681331988,-0.4385436200272289,2026.0,94.70196731010496,88.2783218660949,91.84262460796872
Belize,-1.8198234412190852,-1.7825003193317073,0.02489723600782747,0.022519756921281657,0.01039542548157112,0.2604579754306582,-3.6023237605507923,-4.124656389791016,-2.1354006014054807,-2.0826320032391656,2026.0,18.610269947926028,19.58592171807192,19.0932158501374
Benin,-0.9219946639745816,-0.948355901289261,0.020148835883252524,0.01883521274511502,0.009076045108536579,0.2604579754306582,-1.8703505652638426,-2.3484139035170104,-1.2058878543349882,-1.2228387805011711,2026.0,53.03910199746726,51.75169339031076,52.39423799223577
Bermuda,-1.3912704142866408,-1.8713481757520658,0.021325443160720645,0.01821097154854073,0.008421723915285386,0.2604579754306582,-3.2626185900387066,-3.737507471946178,-1.6833350863078946,-2.1412442412924193,2026.0,32.265024875299474,17.32677982761214,23.94707248430602
Bhutan,-2.5321539643360818,-2.60046894254763,0.0435782623957977,0.021586284649166124,0.013766351037631965,0.2604579754306582,-5.132622906883712,-5.741547365647614,-2.94966210747007,-2.894314375720692,2026.0,6.368913103544271,5.697574631741409,6.024904020182065
Bolivia,-0.5472096670480047,-0.8027892971795876,0.02026140219233145,0.015585851466291106,0.008640109803424983,0.2604579754306582,-1.3499989642275922,-1.8109869174995732,-0.8318947716273026,-1.0524759124899892,2026.0,71.64310670980278,58.951527212285825,65.35023298867502
Bonaire,-2.042124919520006,-2.2401466885176653,0.03654423588806674,0.027770052089227424,0.012810159138919497,0.2604579754306582,-4.2822716080376715,-4.882053589277966,-2.424455854120212,-2.57343366449619,2026.0,13.572936682097724,10.092126314195603,11.72371846365351
Bosnia and Herzegovina,-0.5790358787907302,-0.7622376425120243,0.017806675857966237,0.016806595157549377,0.008513056361399195,0.2604579754306582,-1.3412735213027545,-1.795759533137284,-0.8459191930534711,-1.0215181482007427,2026.0,70.09593646428326,60.98257412710013,65.56785812001542
Botswana,-1.3915704562229294,-1.0670954649996889,0.023294411213974183,0.01940487158589594,0.01009621240547083,0.2604579754306582,-2.458665921222618,-2.9602303043712297,-1.6968205911219933,-1.3456982042963148,2026.0,32.25355658436979,46.08960727616558,38.828987769852006
Brazil,0.1277646124909357,0.1753871514362047,0.016599614708675648,0.023114004593008303,0.01019944485657249,0.2604579754306582,0.3031517639271404,-0.1872052856391075,-0.12991437158557487,-0.12867866113080062,2026.0,95.85045324600526,96.69111545588987,96.28597038404568
British Virgin Islands,-2.335559683216546,-2.374484846060421,0.034825414392504875,0.019896337479583897,0.010931712318514971,0.2604579754306582,-4.710044529276967,-5.2635250673598115,-2.708791055919886,-2.656593601540175,2026.0,8.7082613054137,8.192906234183695,8.44715664231055
Brunei,-2.4804162365335856,-2.6481375555916493,0.03137838041025248,0.018240645450415507,0.00951102583823705,0.2604579754306582,-5.128553792125235,-5.6525426375681205,-2.834695112055412,-2.9182534229553827,2026.0,6.92327048781638,5.267390562953745,6.044920738357495
Bulgaria,-0.9003037485873162,-0.9791422855067673,0.019938013119520998,0.016917721671903693,0.008965033978763023,0.2604579754306582,-1.8794460340940835,-2.347573378943541,-1.1827078074782678,-1.2392785703414955,2026.0,54.105003726578694,50.260694045410645,52.1722703822767
Burkina Faso,-0.718571873831664,-0.667270138878903,0.016184143587820655,0.01913718312012662,0.008569835567499356,0.2604579754306582,-1.385842012710567,-1.8439293312119462,-0.9730057048197671,-0.9439445548998038,2026.0,63.17124130877436,65.7357072415577,64.45506018312027
Burundi,-1.2025130570546008,-1.11055757021713,0.025255241559690538,0.022457710354257057,0.011632317933843108,0.2604579754306582,-2.3130706272717307,-2.8459030128551666,-1.5203510129987614,-1.4102755066457466,2026.0,39.9851626259555,44.08467870455406,42.00955490873128
Cambodia,-1.8539740423838713,-2.103593217450949,0.02692819817286389,0.021564781244366615,0.01305037096192732,0.2604579754306582,-3.9575672598348204,-4.503804282897465,-2.182170313982827,-2.3972922555451626,2026.0,17.75145647459402,12.398278718309152,14.878581834466287
Cameroon,-0.749356151692967,-0.448522183235183,0.015925129595235288,0.019814960798258164,0.008460181955401361,0.2604579754306582,-1.1978783349281499,-1.6568356501734618,-1.0017457679233919,-0.7300534305116313,2026.0,61.628343870797366,76.31046745362443,69.12040180299958
Canada,-0.3853095688936724,-0.27987045108294295,0.017364467170773407,0.020682736950667514,0.009645127797590008,0.2604579754306582,-0.6651800199766154,-1.1440848527633432,-0.6488581767122181,-0.5675003309679613,2026.0,79.1655540902706,83.62167695027614,81.44619034721143
Cape Verde,-0.8597952192031642,-0.7052006948597215,0.01941280636072928,0.020884476944643703,0.009497719056811899,0.2604579754306582,-1.5649959140628855,-2.0519978500713445,-1.138454913889922,-0.9942299455915027,2026.0,56.109103461119105,63.84077110707595,59.96729183261884
Cayman Islands,-2.306489817010285,-2.3546408135718857,0.03108590793923637,0.022849123957724423,0.011206085330090718,0.2604579754306582,-4.661130630582171,-5.213750581568895,-2.6591137409816255,-2.6569593472923603,2026.0,9.111321731538236,8.45220777904574,8.776386393148815
Central African Republic,-1.1203714872582111,-1.3677698828444593,0.024075844476737506,0.020575708994394596,0.009977487044262962,0.2604579754306582,-2.4881413701026704,-2.996497652879457,-1.4306993427706514,-1.654654591355698,2026.0,43.63766157298339,33.17143538243643,38.20167114122051
Chad,-1.5076024749372734,-1.4172377535984872,0.02951717402313517,0.019620765528149193,0.009606985358854372,0.2604579754306582,-2.9248402285357606,-3.4477241937479026,-1.851213732163431,-1.697386039533984,2026.0,28.018463025787675,31.28228489147713,29.619911138743937
Chile,-0.39484995659785777,-0.4276496553644928,0.019753153175355902,0.01894802885118564,0.010281843178119913,0.2604579754306582,-0.8224996119623506,-1.3093871488033808,-0.6759417791424198,-0.7029533338810403,2026.0,78.74259022275045,77.26646584856606,78.00867883662795
China,-1.0748841802720617,-1.0027260065973198,0.020963381709227742,0.020940099017340553,0.011075770821019407,0.2604579754306582,-2.0776101868693813,-2.583792060778778,-1.3644589147309074,-1.292139890281849,2026.0,45.72736827170577,49.128652582011235,47.415599682781775
Colombia,-0.029643589302848657,0.20853573886908933,0.0184028352811079,0.02211734561324714,0.010481542060514066,0.2604579754306582,0.17889214956624067,-0.317024234576825,-0.30095768979235804,-0.08890229241303937,2026.0,92.18317719698518,97.2056997868145,95.08463764058845
Comoros,-1.1307293450751603,-1.0076839745392088,0.021990449671161486,0.016910008440505726,0.00774174688785194,0.2604579754306582,-2.138413319614369,-2.604820660411536,-1.4273128892657407,-1.2677609511481023,2026.0,43.16823796542197,48.89186099375392,45.99129616754954
Congo,-1.2489368973112183,-1.356911851447463,0.025606014944182565,0.020996616930215144,0.011341030293772737,0.2604579754306582,-2.605848748758681,-3.1322884602620715,-1.568974488504394,-1.6467160400315146,2026.0,37.99580628914126,33.59564778410904,35.755012977727986
Cook Islands,-3.0694447327430305,-3.0128390213565215,0.05261304456733084,0.03323163604212856,0.017403127873748432,0.2604579754306582,-6.082283754099552,-6.776980627151263,-3.528195403880767,-3.377429948518065,2026.0,2.5645583427545193,2.8321727885671444,2.6952988605760675
Costa Rica,-0.6859279607044957,-0.6307462676989599,0.015056609586285777,0.01795682938866085,0.008250718804967591,0.2604579754306582,-1.3166742284034556,-1.7617129978826183,-0.9313387150433043,-0.8987524570951069,2026.0,64.80457164850306,67.55080539414323,66.18068234877339
Croatia,-0.13884775871901558,-0.1542343969521865,0.01479334840940132,0.018927849286080604,0.008490596615148574,0.2604579754306582,-0.2930821556712021,-0.7434259839880963,-0.38210357804839007,-0.42939143782943245,2026.0,88.83615825416851,88.31397840322104,88.57657861879015
Cuba,-1.41094836191267,-1.467206345785354,0.02199325212986566,0.019827234375856526,0.010184095419778893,0.2604579754306582,-2.878154707698024,-3.3769078624560867,-1.7075508037762908,-1.7488247711474494,2026.0,31.518486276663936,29.447374245552403,30.47117573956607
Curacao,-0.9684155081346049,-0.9993462378996791,0.01914844765123928,0.020453994083668107,0.009060507637403608,0.2604579754306582,-1.967761746034284,-2.4482758748992515,-1.2451713402410975,-1.2853811594296776,2026.0,50.77856706284085,49.29031291201421,50.032502033442896
Cyprus,-1.044431427071669,-1.2015473801569734,0.021585718156623232,0.01639454833970105,0.009456539660800253,0.2604579754306582,-2.245978807228642,-2.723025328305674,-1.3382730045015707,-1.45762977580104,2026.0,47.15063763482355,40.02713741114105,43.51878476613138
Czechia,-0.3740136071589888,-0.4763970079573838,0.015749239783296613,0.019098788587530984,0.008620658613639762,0.2604579754306582,-0.8504106151163726,-1.306872423368091,-0.6250055574944258,-0.7527937415671064,2026.0,79.66243312654579,75.01527828314988,77.37760101798938
Czechoslovakia,,,,,,,,,,,,,,
DR Congo,-0.678516451774606,-0.520496922640955,0.016203191567918756,0.018521967111163235,0.008228093968395621,0.2604579754306582,-1.199013374415561,-1.651479269775082,-0.9330999670926152,-0.7926877903140879,2026.0,65.17470759999011,72.92766593385603,69.09250499521853
Denmark,-0.11915986254880893,-0.13576597617801117,0.015257323244457232,0.01954865021779925,0.008668203457474807,0.2604579754306582,-0.2549258387268201,-0.7116199612079666,-0.36620093803592085,-0.415398951470978,2026.0,89.48653050607165,88.93928780106704,89.21470119449394
Djibouti,-1.6015732776138698,-1.8704847893171717,0.034614729948889526,0.01618012218092187,0.009278126901826111,0.2604579754306582,-3.4720580669310417,-3.998750029783955,-1.9736739626381763,-2.1248870077109734,2026.0,24.883905711937636,17.347690430272934,20.855820816698177
Dominica,-2.0607901367316535,-2.0493473852012087,0.026411357663158146,0.022677205490164037,0.011175096661322294,0.2604579754306582,-4.110137521932862,-4.6446981133571335,-2.3858215669851486,-2.3505264381923756,2026.0,13.206826843873909,13.430283057317727,13.318164851865733
Dominican Republic,-1.1306891714264387,-1.2824539746475196,0.02008089047118412,0.021578930751243248,0.00919659698549985,0.2604579754306582,-2.413143146073958,-2.9032574804630964,-1.414103288726083,-1.576249350725791,2026.0,43.17005390134794,36.59523754589491,39.80901271818424
East Germany,,,,,,,,,,,,,,
Ecuador,-0.17446660986535953,-0.036882313088185646,0.019150311616382292,0.019983355796399167,0.010315637515624058,0.2604579754306582,-0.21134892295354518,-0.700286311354267,-0.45123591174967104,-0.31960730877409355,2026.0,87.60914537181593,91.98133561494014,89.92031601788634
Egypt,-0.6172393149466902,-0.37596740622559555,0.013932722047402698,0.01869630758900569,0.0075144126303796875,0.2604579754306582,-0.9932067211722857,-1.4298203027162764,-0.8533132190310061,-0.6494362899327237,2026.0,68.21878746602184,79.5767996393542,74.0642411060987
El Salvador,-1.358818464108708,-1.0310581197490658,0.01786092450019994,0.018302068695991526,0.009132244929076867,0.2604579754306582,-2.389876583857774,-2.8564705531901913,-1.6261080037484024,-1.3016283967270925,2026.0,33.520911566779354,47.78141609085031,40.31504900443026
England,0.07105385161864568,0.23589195020637616,0.014400389184914432,0.022338515960761602,0.009122691941700574,0.2604579754306582,0.30694580182502185,-0.1620287775674104,-0.16894939156706157,-0.06302955093237833,2026.0,94.68823693340505,97.58827693315118,96.31935416659829
Equatorial Guinea,-1.1662291389270711,-1.0133066105059179,0.02050548942712614,0.01967452138300798,0.009066390200944682,0.2604579754306582,-2.179535749432989,-2.662496581020908,-1.452623897448425,-1.2938384010966313,2026.0,41.5784035684731,48.62384582100403,45.038676670036836
Eritrea,-1.72434430516125,-1.5962633768755135,0.058353231208952305,0.04486592667906024,0.027646277401103952,0.2604579754306582,-3.3206076820367634,-4.116878270945384,-2.207472574708592,-2.0198949464217892,2026.0,21.18487178400056,25.053970624526656,23.05890604959816
Estonia,-1.1184122164010648,-1.045184303046179,0.02102652133709526,0.016139357370512423,0.009210629117825792,0.2604579754306582,-2.1635965194472435,-2.6351350096821733,-1.408422708191243,-1.2992658440562446,2026.0,43.726731706742996,47.11522858739124,45.4068620214988
Eswatini,-1.4275984128175012,-1.3067127875419053,0.02300389669652971,0.017465979576899677,0.009204735849374483,0.2604579754306582,-2.7343112003594063,-3.219612541681181,-1.7309391235473979,-1.571030623314671,2026.0,30.895734290247656,35.60079422936353,33.19534368712481
Ethiopia,-1.1454348804239047,-1.1749754369164287,0.02351643780718359,0.020382222231894953,0.011136067368855838,0.2604579754306582,-2.3204103173403334,-2.8348840087057527,-1.452136284445364,-1.4605080776557666,2026.0,42.5060378562675,41.19135821009539,41.84606436244182
Faroe Islands,-1.072581617803794,-0.9618257378507414,0.023097207350815153,0.01718456228385975,0.009642054685670474,0.2604579754306582,-2.0344073556545355,-2.52252979523713,-1.376536926037193,-1.2240055409161932,2026.0,45.834326036721784,51.09759073537574,48.43841312146097
Fiji,-1.764629143007593,-1.9091730070486446,0.022947796011876558,0.024783142994419565,0.011146528138901265,0.2604579754306582,-3.673802150056238,-4.203043098147365,-2.067599742319649,-2.224026261720846,2026.0,20.06698692474618,16.43031148290739,18.176791612784882
Finland,-0.7398577311286236,-0.7071725094168002,0.019211184772733935,0.018692321350543276,0.009608878469388614,0.2604579754306582,-1.4470302405454238,-1.9250313412222086,-1.0170665677318889,-0.9806122384288315,2026.0,62.10451899346534,63.74207451888678,62.923590782260504
France,0.07024046645604001,0.14471999657436058,0.014534082909261012,0.02013413514183543,0.008614052163355198,0.2604579754306582,0.2149604630304006,-0.2406548237096597,-0.1708743021439859,-0.13906960959073794,2026.0,94.67027180042172,96.16371063433775,95.45511857275638
French Guiana,-1.2776038325094596,-1.421044864603056,0.023781257588728146,0.026588529579992585,0.011355703793275808,0.2604579754306582,-2.6986486971125156,-3.239319372312391,-1.5860272919850849,-1.7471646559680853,2026.0,36.79601377397028,31.13987455187006,33.894104457692244
Gabon,-0.9751504355145413,-0.9303236078753849,0.01858665115867029,0.01977871692420361,0.008686704088111862,0.2604579754306582,-1.9054740433899262,-2.377655263936011,-1.2478161734331166,-1.2115972605640333,2026.0,50.45320411405767,52.63134474985192,51.53865494152225
Gambia,-0.9014022300987319,-0.9043096963499861,0.022197835012343323,0.021550572050414062,0.010150165335283942,0.2604579754306582,-1.805711926448718,-2.311868968218662,-1.1993809878137296,-1.1979119582650748,2026.0,54.05089232032492,53.907735471028914,53.97930195456797
Georgia,-0.5016965653900645,-0.5904283028344601,0.01832072478909237,0.017878067058403408,0.008979579261773632,0.2604579754306582,-1.0921248682245246,-1.5575620836297521,-0.7724047092579014,-0.8578460812890978,2026.0,73.8230180704443,69.53823693870895,71.69855302458419
Germany,0.21990534903104283,-0.21972632313758178,0.014477787011562172,0.019289186519932958,0.008541918587451309,0.2604579754306582,0.00017902589346105446,-0.45082346060255707,-0.020742003013912547,-0.49749735488807195,2026.0,97.36924640210725,85.95985761798796,92.981755326047
Ghana,-0.7612122075147827,-0.5893433920264213,0.018555805333574486,0.0211677884915784,0.010120082320038333,0.2604579754306582,-1.350555599541204,-1.8403055703027327,-1.0336515977179945,-0.8803264739509785,2026.0,61.03397706069262,69.5914279266057,65.33634550086236
Gibraltar,-1.7861871326642453,-1.5701791491760548,0.03141947144887525,0.014750733532524998,0.00867260263459813,0.2604579754306582,-3.3563662818403,-3.860411558578795,-2.140697902310953,-1.8130843449420162,2026.0,19.48780407854933,25.90164666238204,22.523607913523524
Greece,-0.43110626925716294,-0.2375854608234526,0.019478035219236026,0.021681603124009154,0.010596564743988856,0.2604579754306582,-0.6686917300806156,-1.1681024541593958,-0.7102337327517896,-0.5320789454645166,2026.0,77.10900774739873,85.28245852656785,81.37185596536513
Grenada,-1.4991860536604298,-1.8055868867501486,0.024739591720582165,0.020139996109159904,0.010921732839942699,0.2604579754306582,-3.3047729404105786,-3.8213890590504347,-1.813762541787449,-2.0894177949272525,2026.0,28.312139364402,18.977820806911204,23.298961346004575
Guadeloupe,-1.241362231912646,-1.2655895200999447,0.020699084000842145,0.022264700573743596,0.009233081937805684,0.2604579754306582,-2.506951752012591,-3.002653067121587,-1.529105756606719,-1.5640167345006666,2026.0,38.31652569180133,37.296132339947974,37.8043564773936
Guam,-2.370365261964084,-2.5266689553025996,0.03382300146785592,0.026358041865618673,0.014758734302620298,0.2604579754306582,-4.897034217266683,-5.49602841402894,-2.7381858783947344,-2.851372154335924,2026.0,8.246157666524013,6.425753935808953,7.285969840231232
Guatemala,-0.9715726613294486,-0.8868274297154387,0.017617243483603145,0.01895575061103748,0.008706593607301595,0.2604579754306582,-1.8584000910448872,-2.3230986226080668,-1.237032590385441,-1.1621871988251435,2026.0,50.62595798516831,54.76991633582797,52.68629856793701
Guinea,-0.8463168398849155,-0.814856475985706,0.018657845128706264,0.019982551866286627,0.009724237579621929,0.2604579754306582,-1.6611733158706214,-2.1432059793042804,-1.1195042856338464,-1.097575784603187,2026.0,56.779200375727015,58.34823159186347,57.56294012879286
Guinea-Bissau,-1.2553487824688956,-1.0885454120416191,0.02266133053587415,0.020908685586949673,0.009888033021766565,0.2604579754306582,-2.343894194510515,-2.847267146371685,-1.5564223982898384,-1.3777421311582072,2026.0,37.725520365826924,45.0950649809895,41.32515749807564
Guyana,-1.1745985057226318,-1.5410308863160231,0.019571466030468415,0.02082026519305317,0.009282941012521593,0.2604579754306582,-2.7156293920386547,-3.201253169251282,-1.4543946174216218,-1.8296154679766043,2026.0,41.20799963535708,26.87303319436728,33.56024461418576
Haiti,-0.7549806945958482,-0.8107066577197244,0.017109348055167534,0.02039862357417103,0.008915249788563633,0.2604579754306582,-1.5656873523155725,-2.03616996073576,-1.016586107805648,-1.0963541577905007,2026.0,61.346367343490705,58.555623640483475,59.94997462135918
Honduras,-0.8714214062169681,-0.8171868610896166,0.016742247696504516,0.01732631122263036,0.008492837949906833,0.2604579754306582,-1.6886082673065848,-2.1405119509337425,-1.1302050818729454,-1.0804457543686878,2026.0,55.53230683840174,58.231806031018564,56.8793848484878
Hong Kong,-1.554632337121571,-1.4586261554087234,0.020502709871680624,0.020054820388158777,0.010120112247453773,0.2604579754306582,-3.0132584925302943,-3.506402507011853,-1.841007684326463,-1.741856241297626,2026.0,26.416581789972106,29.75716400316427,28.052313464947186
Hungary,-0.4317078479727293,-0.5740289537047637,0.017842908185590894,0.01788926585434876,0.009195740292995918,0.2604579754306582,-1.005736801677493,-1.4710266237279286,-0.6988625461203823,-0.8415304741067888,2026.0,77.0815686637517,70.34043067757216,73.76743521912854
Iceland,-0.48914548656886614,-0.7731546741051321,0.018363045422434277,0.01673943340842847,0.009050586401612873,0.2604579754306582,-1.2623001606739983,-1.723618496030782,-0.7601661162075287,-1.0319165987264216,2026.0,74.41638450292409,60.43540805396421,67.53080478532765
India,-1.6298182151165,-1.465849332289254,0.02168675439630803,0.02095533392978625,0.011105283490524814,0.2604579754306582,-3.0956675474057542,-3.604991237438503,-1.9243466816273487,-1.755368477975934,2026.0,23.99342178865257,29.496223164662183,26.644040620046848
Indonesia,-1.1261824477298823,-1.3600439623510463,0.017661721162750395,0.015896503300199247,0.008308481548878857,0.2604579754306582,-2.4862264100809286,-2.9342227831051186,-1.3919772645548187,-1.6122066344514128,2026.0,43.3740034151787,33.47292939535503,38.242251682584374
Iran,-0.4805769808561897,-0.24518436819174094,0.016967537233476403,0.024561473152982967,0.010466003704975859,0.2604579754306582,-0.7257613490479307,-1.2256053959121944,-0.7410959800364906,-0.5586263765631969,2026.0,74.81934734281737,84.98982085625593,80.14786669181943
Iraq,-0.8890716791727288,-0.5888506369912115,0.01657925647625849,0.01868449789513325,0.008728711108478521,0.2604579754306582,-1.4779223161639403,-1.9371441648965493,-1.1465926024101116,-0.8622331374928585,2026.0,54.65905311349326,69.61558121581118,62.14946323457158
Ireland,-0.6672740004643409,-0.4054182157031663,0.019867445375645866,0.019813538685807527,0.00997910686724046,0.2604579754306582,-1.0726922161675072,-1.5611149748343585,-0.9491778519857124,-0.6869393601012916,2026.0,65.73551476034784,78.27062103003239,72.1671723736423
Israel,-0.3544469996243115,-0.7786289355021221,0.018882165755635123,0.017173994454277655,0.009042673960657145,0.2604579754306582,-1.1330759351264335,-1.5984424922885359,-0.6292717856654189,-1.040728111038999,2026.0,80.51270337903333,60.16111321031923,70.70549141074413
Italy,-0.19969257815603372,-0.09268217860065653,0.014923058768592177,0.02019884104086035,0.008530346231551366,0.2604579754306582,-0.2923747567566902,-0.7492449452021841,-0.4440125222342213,-0.3769274321466769,2026.0,86.70203457900877,90.32913107763261,88.58857918779513
Ivory Coast,-0.5326299430538941,-0.43416652520782817,0.014735430132297599,0.020310199604860545,0.008342058472250126,0.2604579754306582,-0.9667964682617223,-1.4216799552412274,-0.7754091030515974,-0.7191942403855669,2026.0,72.34593069755158,76.96931518715556,74.68686329417291
Jamaica,-0.9799551894830807,-0.7459508290542409,0.014708545443676488,0.017067275080199916,0.0074614715278856335,0.2604579754306582,-1.7259060185373216,-2.158103952727885,-1.2225127739340846,-1.0072343921055735,2026.0,50.22152213661555,61.79906382676148,55.95232304315574
Japan,-0.14947563869288058,-0.13091621123382857,0.015281557502002597,0.02181606507464567,0.009650152077753618,0.2604579754306582,-0.2803918499267092,-0.7553568032955046,-0.39671283251292533,-0.4263214588151515,2026.0,88.47676671368127,89.10058885570015,88.79088921196606
Jordan,-0.6601972670224776,-0.5569542257597282,0.017385009739823237,0.0193761741384218,0.009225525199184341,0.2604579754306582,-1.2171514927822058,-1.6870971674154074,-0.9239017208325961,-0.8353508790328723,2026.0,66.0880733381851,71.17120118357767,68.64614338255
Kazakhstan,-0.9547496218943284,-1.0038422522136443,0.020438251418402095,0.016547496792392355,0.008996164233916462,0.2604579754306582,-1.9585918741079729,-2.427539959416474,-1.2406744471082445,-1.2611164000978992,2026.0,51.440881728100905,49.0753037219722,50.25328913451088
Kenya,-1.160019370659208,-0.9716973015623476,0.02214101384806596,0.0226247413724717,0.01124283608346759,0.2604579754306582,-2.1317166722215557,-2.6503742756073456,-1.4576165067211395,-1.272527761273273,2026.0,41.854333364683406,50.61993634154722,46.1472584483268
Kosovo,-0.47900081368768976,-0.6426328117322796,0.01975774062127572,0.018425313928863114,0.008350796401258059,0.2604579754306582,-1.1216336254199692,-1.590183077890698,-0.7601252745321756,-0.9141125636760525,2026.0,74.89327861921826,66.96139084580892,70.98368891223883
Kuwait,-1.1637444002408452,-1.213026250906665,0.020439482885201588,0.018822569112640426,0.00987791385754761,0.2604579754306582,-2.37677065114751,-2.8626425672444884,-1.4496778392451113,-1.4874169877229098,2026.0,41.688700185808145,39.52973363642634,40.60160593552185
Kyrgyzstan,-1.1858554245778408,-1.2473070842276055,0.02369638081422662,0.02074268674602116,0.010970677078668105,0.2604579754306582,-2.433162508805446,-2.948450473802045,-1.4937280009091967,-1.5353535162209295,2026.0,40.71252543605638,38.06468497335425,39.37637561929144
Laos,-2.0838169984053407,-2.4307588492576757,0.027354569451456198,0.017576295109971263,0.010550799786618879,0.2604579754306582,-4.514575847663016,-5.02851150174693,-2.4146013357096106,-2.695910089948503,2026.0,12.766541830483524,7.495062248194828,9.83038271050506
Latvia,-1.1744995220564116,-1.1059789106659466,0.021561002378429804,0.0173462505370685,0.009852372906313854,0.2604579754306582,-2.280478432722358,-2.764676733950795,-1.4681728261099454,-1.3693892410409605,2026.0,41.21237032164795,44.2939700978239,42.73942450707941
Lebanon,-1.3641241320764945,-1.1048589205202852,0.01690419688726737,0.01951297842101035,0.008643272909861074,0.2604579754306582,-2.46898305259678,-2.9324643192214404,-1.6241564138206455,-1.3842366463397238,2026.0,33.31349070316871,44.345235735648544,38.608758182775205
Lesotho,-1.4262175306514875,-1.1277414573513906,0.026621936742674726,0.01953721737589898,0.011377610818891023,0.2604579754306582,-2.5539589880028783,-3.0789899423526412,-1.7525421343372942,-1.4072926503440086,2026.0,30.947070737875727,43.30339841565305,36.821905807740265
Liberia,-1.2036476750810894,-1.1400417290144025,0.02435004820425473,0.0209836292129797,0.010663199218605425,0.2604579754306582,-2.3436894040954916,-2.8600616568529196,-1.5157377146802713,-1.4297562727499886,2026.0,39.93587492320678,42.74830805219452,41.32968550254308
Libya,-1.059692193544628,-0.9378834877309741,0.022066508504266846,0.021928260870517503,0.010785793466200018,0.2604579754306582,-1.997575681275602,-2.50969424687222,-1.3567881948927905,-1.2340473671661105,2026.0,46.43506855848998,52.26202122298822,49.31704085011416
Liechtenstein,-2.1118175246292576,-1.664567464252795,0.028645207651825988,0.014496142582844767,0.009282547209249209,0.2604579754306582,-3.776384988882053,-4.2732006273362755,-2.4503154280308945,-1.9053673195919938,2026.0,12.247777205798583,22.930399674919677,16.9228384212474
Lithuania,-1.2476377914282852,-1.0682511976336388,0.022627325553809474,0.016386922252941097,0.00944619032399234,0.2604579754306582,-2.315888989061924,-2.797164911812004,-1.5484854309657061,-1.3242740267168367,2026.0,38.05070297599797,46.035777465931204,41.94673795101165
Luxembourg,-1.059796984330749,-0.9581838815322711,0.023842186135243918,0.017707774366798962,0.010162164839981225,0.2604579754306582,-2.01798086586302,-2.5154717308324397,-1.3686152877730413,-1.2243250047492513,2026.0,46.43017094929781,51.274179726059785,48.829536134981055
Macau,-2.6747269946416994,-2.727511350483462,0.04025517975237019,0.0287987754432956,0.01790500842829418,0.2604579754306582,-5.402238345125161,-6.049892487556919,-3.0760008649715287,-3.0669153896067205,2026.0,5.04032999753623,4.615539087789545,4.823713658316686
Madagascar,-1.0328742475240458,-1.0661441048435103,0.022462978020008698,0.02012079383048836,0.010630994812878514,0.2604579754306582,-2.099018352367556,-2.6043727289242615,-1.3326273327125635,-1.3498396728771922,2026.0,47.695555971354075,46.13393863111678,46.91203594697151
Malawi,-1.3102368734837773,-1.0072248247820597,0.022806329240467885,0.020859012601597716,0.011439691044949254,0.2604579754306582,-2.317461698265837,-2.833386979414044,-1.6122721644050064,-1.296077815776425,2026.0,35.45769690709073,48.91377192345799,41.91170544715723
Malaysia,-1.2848105941919257,-1.4809323810808879,0.01563002394756503,0.017888341617389166,0.008116996783137589,0.2604579754306582,-2.7657429752728135,-3.211847712442144,-1.5348507825422388,-1.7484269912500587,2026.0,36.49791681675798,28.956368109254814,32.58711998545187
Maldives,-2.0093937678553786,-2.2091482505872198,0.02546011524785209,0.022165657386858422,0.012437785801890804,0.2604579754306582,-4.218542018442598,-4.757063491509335,-2.328518290559931,-2.5069109573646697,2026.0,14.235265794224084,10.580673850952472,12.294212352200384
Mali,-0.6610024180114067,-0.37223178869991236,0.016673757985631456,0.0217033394305391,0.009263745692757053,0.2604579754306582,-1.033234206711319,-1.5103278612559363,-0.9192562310375183,-0.6668728546125858,2026.0,66.04798004179462,79.7404148979628,73.11305690543206
Malta,-1.329347979360076,-1.2007770906301665,0.025735883469546167,0.017151563629806358,0.010409527059027885,0.2604579754306582,-2.5301250699902424,-3.0349280066592295,-1.6501961270533183,-1.4627050473648866,2026.0,34.687778641069286,40.06063638935697,37.3181591766638
Martinique,-1.2252706279647252,-1.2397858836408897,0.02778934914672047,0.025844994898485612,0.013579895248778466,0.2604579754306582,-2.465056511605615,-3.0335426927666456,-1.558673382282805,-1.5613134556995585,2026.0,39.002909117259456,38.383462061242255,38.69249153850707
Mauritania,-1.2739261999600289,-0.952934121030106,0.024040554627447745,0.019912205554923935,0.010299957631897007,0.2604579754306582,-2.2268603209901348,-2.735004691995721,-1.5840265361575103,-1.2351553502452304,2026.0,36.94868330858478,51.5290771616042,43.953610325437744
Mauritius,-1.5815748407752563,-1.5289182742175258,0.026726754365302217,0.01983493351499515,0.010653322616896896,0.2604579754306582,-3.1104931149927824,-3.6315241432975895,-1.9085412266029265,-1.8105913720809543,2026.0,25.52880690076067,27.284197120944278,26.396100222817708
Mexico,-0.3308635539376643,-0.14875162735229103,0.016015387312194807,0.019347979770150285,0.009418044803600263,0.2604579754306582,-0.47961518128995534,-0.9452307166387907,-0.5839673849019136,-0.42694565870559154,2026.0,81.51916631811471,88.50143295550886,85.1971527494453
Moldova,-1.3370940825726094,-1.270195269218469,0.023849221171493046,0.017094462709796195,0.01016018265467721,0.2604579754306582,-2.6072893517910787,-3.1023208626695022,-1.6459579436602612,-1.5316868576858322,2026.0,34.37866687306774,37.103943547852026,35.72566000982784
Mongolia,-2.2354489546042937,-2.2147618511317795,0.03576085585873932,0.027714088466953,0.016331936410837723,0.2604579754306582,-4.450210805736074,-5.070336009698524,-2.6136597733746685,-2.5477128293069637,2026.0,10.164896674545588,10.490729633270956,10.326712105403846
Montenegro,-0.8477452856603147,-0.9352912120191665,0.020038349674051277,0.019105376809610553,0.009489313421284173,0.2604579754306582,-1.7830364976794812,-2.265208057712755,-1.1308590414126716,-1.2117356137321371,2026.0,56.70811625052718,52.38857621049158,54.53825515104764
Montserrat,-1.674927869811075,-1.9383788891369123,0.029056955726711756,0.01989273572397617,0.008459661228677962,0.2604579754306582,-3.6133067589479873,-4.126605946198635,-2.0158498886172045,-2.2204621089425305,2026.0,22.62036842537948,15.764010633794301,18.950090816183028
Morocco,-0.2981177447978788,0.11134757847701095,0.012475259070789375,0.021707168247114182,0.007434035254414214,0.2604579754306582,-0.18677016632086785,-0.6297171059275526,-0.5215031433429884,-0.18331947599032639,2026.0,82.88136536933702,95.53223154625647,90.30724373153198
Mozambique,-1.11829633243662,-1.0366709455758851,0.020985321681645765,0.018603776704402733,0.009589441668361723,0.2604579754306582,-2.154967278012505,-2.6398094450020193,-1.4080225596349583,-1.3094622702502796,2026.0,43.732002611447285,47.516262017638255,45.606751555158176
Myanmar,-1.899167011630641,-2.1243602321063406,0.0238254401986888,0.017300463385391422,0.01029084077740323,0.2604579754306582,-4.023527243736981,-4.520347473352832,-2.2078768443129757,-2.38742268389596,2026.0,16.663747528468676,12.021211827665656,14.18643076213012
Namibia,-1.1738877382013349,-1.0266915422734162,0.021145577353919445,0.01961427823928979,0.009991786566703848,0.2604579754306582,-2.2005792804747513,-2.693502920510881,-1.4647181173154806,-1.306793511129687,2026.0,41.23938937769276,47.988104311401514,44.55467278909
Nepal,-2.1724289977364264,-1.8821552698045658,0.02587115987462944,0.017407689561749283,0.01007410989379259,0.2604579754306582,-4.054584267540992,-4.558278894170913,-2.494119282791039,-2.146031676948132,2026.0,11.18540254239846,17.066739844370137,13.869850146532892
Netherlands,0.08240325294763104,-0.11655086762611944,0.01362236256449462,0.019272910143908688,0.00803039914688455,0.2604579754306582,-0.0341476146784884,-0.4766679916202623,-0.15102650149249702,-0.3942046818906362,2026.0,94.93506732777853,89.5712006772456,92.52677466886546
New Caledonia,-1.4057568790756974,-1.56055356457608,0.026031443955791402,0.028344346442587702,0.013499358204600314,0.2604579754306582,-2.9663104436517775,-3.5368347877689406,-1.7284421372192413,-1.8972691504499015,2026.0,31.71433402356851,26.21960627879092,28.87738333405099
New Zealand,-0.7677151471388386,-0.6246070797552474,0.01954562185810747,0.0248506288547675,0.010389651949050163,0.2604579754306582,-1.392322226894086,-1.9029122957790001,-1.0473264620608744,-0.9398887243511072,2026.0,60.70801800191712,67.85466452720166,64.29303842356921
Nicaragua,-1.2271934964822617,-1.2189475426689709,0.02165412404294422,0.0204399941372177,0.00974108735659522,0.2604579754306582,-2.4461410391512324,-2.9424324571441387,-1.5215003026756913,-1.5048845576720495,2026.0,38.920531098473376,39.274478647048205,39.09728305687291
Niger,-1.030162402911031,-1.030733347144026,0.024441404934142177,0.019387083315410867,0.01038700657796758,0.2604579754306582,-2.060895750055057,-2.569236192693603,-1.3428373455216738,-1.309208360855568,2026.0,47.82378515395842,47.796776704029895,47.81028016832537
Nigeria,-0.5003910012449553,-0.3079898967874546,0.014429943133252392,0.018560386325250724,0.007515927025577653,0.2604579754306582,-0.8083808980324099,-1.2466601857458879,-0.7406403977749145,-0.5804629143525024,2026.0,73.88490774612801,82.47515828412223,78.32563413091849
North Korea,-1.158223395192704,-1.042599845272938,0.023672156791955504,0.021437750871039562,0.011072568690400204,0.2604579754306582,-2.200823240465642,-2.719494793739177,-1.4659385673370458,-1.3354325679733872,2026.0,41.93431107838413,47.23682583554306,44.54907577835794
North Macedonia,-0.6938217223512899,-0.7453720073882395,0.01796865490823317,0.018333763366308962,0.00914657328169175,0.2604579754306582,-1.4391937297395294,-1.9065076064345217,-0.9619161453312033,-1.0161764635281558,2026.0,64.41002477118218,61.82808175526635,63.11989544480958
Northern Ireland,-0.7495958615817571,-0.5229539159069028,0.021132828405179164,0.01984183427485574,0.010331743649093738,0.2604579754306582,-1.2725497774886598,-1.7690904101793687,-1.0403385547327917,-0.8046760078688626,2026.0,61.61632636962609,72.81010152892499,67.27683190664257
Northern Mariana Islands,-2.9558166219488244,-3.3537807124285486,0.0652332914529766,0.030387973519368554,0.01794544771223847,0.2604579754306582,-6.309597334377373,-7.034889442143125,-3.4666327980943206,-3.702423644491532,2026.0,3.127596243089892,1.540802136801489,2.2049836599101424
Norway,0.0005183941412228822,-0.18274358791463008,0.016832069029286474,0.021063626029360308,0.009472114350052846,0.2604579754306582,-0.1822251937734072,-0.6590476922306527,-0.2589585337678802,-0.47300985208847657,2026.0,92.99291427123845,87.31493375812785,90.37790998190091
Oman,-1.1046176672665673,-0.7909126821245134,0.018160165137919983,0.019302915939329923,0.009652747516673122,0.2604579754306582,-1.8955303493910807,-2.372053490951262,-1.3741369811416213,-1.0687825505113533,2026.0,44.3562823150195,59.54589120213265,51.78043923845803
Pakistan,-2.1867880487570193,-2.0290666531785835,0.03558929057166372,0.02183926963325707,0.012934335023579885,0.2604579754306582,-4.215854701935603,-4.793079892834547,-2.5640905299132593,-2.3246289622320693,2026.0,10.94550876506447,13.834048005070843,12.318773264813476
Palestine,-0.9997724369247928,-0.8835991939924659,0.021353045335048167,0.02052751896180786,0.010484894913230937,0.2604579754306582,-1.8833716309172588,-2.384771088927807,-1.292026061949689,-1.1701477515655785,2026.0,49.26991628016859,54.92947752949675,52.07655610390114
Panama,-0.5890779528954335,-0.6040257423598736,0.015280279182046384,0.01712232118333635,0.008153042053986271,0.2604579754306582,-1.1931036952553071,-1.634504576420514,-0.8363048056606328,-0.8657303176606226,2026.0,69.60443933888092,68.8702173704981,69.23770509225247
Papua New Guinea,-1.7553520224720853,-1.9672829331912727,0.024669580673334673,0.02469434731122184,0.010390889484682751,0.2604579754306582,-3.722634955663358,-4.252335652109651,-2.069483082212027,-2.2815716368458703,2026.0,20.32029664408288,15.126365535608578,17.57096062177209
Paraguay,-0.3845503293608523,-0.19347648089131375,0.022518438751049863,0.019907179705248832,0.011111704432130597,0.2604579754306582,-0.5780268102521661,-1.0865502701655112,-0.684673229193903,-0.4756620914758992,2026.0,79.19908535464842,86.92843247753835,83.25246330679306
Peru,-0.5415782326598645,-0.32977612882129104,0.02098848848378139,0.019648714822461444,0.01089391638925856,0.2604579754306582,-0.8713543614811555,-1.3710544158528153,-0.8313263196856904,-0.6101238758959657,2026.0,71.91504536109612,81.56507282455021,76.90025834895398
Philippines,-1.5145344898263609,-1.5567743360924107,0.020327594629915006,0.020722191791459923,0.010239357085439082,0.2604579754306582,-3.0713088259187717,-3.5674076087927196,-1.7996842373620372,-1.8446784297865428,2026.0,27.77817891714941,26.345204590815886,27.054994329748418
Poland,-0.3311490564809021,-0.5356048155341022,0.0159124908733716,0.017749509638350734,0.008552903984716115,0.2604579754306582,-0.8667538720150043,-1.3173881293952197,-0.5834385003613118,-0.8020593868092127,2026.0,81.50710615077621,72.20285194143337,77.00538371712847
Portugal,0.14023017106673388,0.09466606777435312,0.013937902836914649,0.02069642226534705,0.008548185327720751,0.2604579754306582,0.234896238841087,-0.2199914209506607,-0.09588762018936481,-0.1930589555750042,2026.0,96.08227358366035,95.19372178487899,95.65220393314536
Puerto Rico,-1.4676031124108573,-1.6201705024697564,0.021344089188154534,0.024959865420202523,0.010030158148858175,0.2604579754306582,-3.0877736148806134,-3.602998889517149,-1.7597954407711653,-1.9361443331595938,2026.0,29.43310208561547,24.294913523481764,26.776730547595285
Qatar,-0.8455459417934921,-0.9897466229072912,0.01629754559155959,0.018583393343586493,0.009115283971686544,0.2604579754306582,-1.8352925647007834,-2.296211242467346,-1.1008696233552273,-1.2623884637431138,2026.0,56.81756908328324,49.75053496545626,53.25233190161887
Romania,-0.5353698118214791,-0.4861555414274483,0.016068903657731465,0.019756719001876588,0.008842504794673196,0.2604579754306582,-1.0215253532489275,-1.4841726584348733,-0.7888961706698756,-0.7672727340847214,2026.0,72.2141608366444,74.55719649894333,73.3922014450663
Russia,-0.27438744755908634,-0.3391462265038141,0.022712005263146515,0.029606857231881962,0.014795161937539608,0.2604579754306582,-0.6135336740629005,-1.1859292937879564,-0.5757975022231371,-0.6832790917281746,2026.0,83.84140588843232,81.16803994216015,82.52569597673953
Rwanda,-1.1852866292093687,-0.9329589043077824,0.023825458957671436,0.02212539346600602,0.011400304616560619,0.2604579754306582,-2.1182455335171513,-2.6426555321129017,-1.4939965834231674,-1.230451045151913,2026.0,40.737485413973026,52.502516303490495,46.46168572311707
Saarland,,,,,,,,,,,,,,
Samoa,-2.505552698665391,-2.7982024094060804,0.029486941835808862,0.019272705244882588,0.008093022185350365,0.2604579754306582,-5.3037551080714715,-5.81344399926449,-2.8489879434252083,-3.075854747735024,2026.0,6.6488119089617825,4.0974144756078745,5.234906466511413
San Marino,-2.443464895999868,-1.8244880841728752,0.040589505853034474,0.01438062564164242,0.00975978984595314,0.2604579754306582,-4.267952980172743,-4.813809046133663,-2.8464016446492533,-2.064326576843609,2026.0,7.344926830238608,18.491067171918154,11.84991020872237
Sao Tome and Principe,-1.5262723861884506,-1.753592781062377,0.03608968799733079,0.017807828604165146,0.009143503897950692,0.2604579754306582,-3.2798651672508274,-3.8172087236368597,-1.9062181086138033,-2.020484733763579,2026.0,27.374598446773835,20.368609726863205,23.680318501805488
Saudi Arabia,-0.8483336525417612,-0.6247669418429417,0.015491123444647394,0.017158985706319487,0.008082595424035508,0.2604579754306582,-1.4731005943847029,-1.914984289485746,-1.0972603360824968,-0.8867515651040749,2026.0,56.67884164377275,67.84675727407677,62.270313302466974
Scotland,-0.3268625794421812,-0.38589389172948607,0.0185875542808013,0.018934685602784943,0.00951548473361334,0.2604579754306582,-0.7127564711716673,-1.188374844874,-0.5995349416705618,-0.6611006184117018,2026.0,81.68784825013711,79.13973484990062,80.4293829969191
Senegal,-0.396968349074842,-0.12330742436945345,0.014570063950779233,0.020779299198283373,0.00840694342275691,0.2604579754306582,-0.5202757734442954,-0.9770612810715686,-0.6383813889113781,-0.4116079564416879,2026.0,78.64827089714434,89.3511954142,84.40642889626163
Serbia,-0.3490383625532768,-0.503059449941951,0.016641467777199947,0.018547642185591264,0.00884070376428472,0.2604579754306582,-0.8520978124952278,-1.311969609809917,-0.6070419887076388,-0.7754389072113366,2026.0,80.74533521024443,73.75837041453532,77.33926570812308
Seychelles,-2.13747107340345,-2.1695608660691184,0.03159757117188862,0.015838554521034855,0.009775142379902254,0.2604579754306582,-4.3070319394725685,-4.824666600030487,-2.4929851866079114,-2.421263504283618,2026.0,11.78817124850059,11.2338516480595,11.508184164814095
Sierra Leone,-1.1651602815072855,-0.9520272397719711,0.024664487177894084,0.02275392919106189,0.011091260320606299,0.2604579754306582,-2.1171875212792566,-2.6448273113260976,-1.479258910462549,-1.2537153515103152,2026.0,41.62583135113872,51.57315048568725,46.48641929874064
Singapore,-1.5930497574780411,-1.7483893730872164,0.021365020261084555,0.019151700362255584,0.010496744603553177,0.2604579754306582,-3.3414391305652575,-3.8374641695721468,-1.885385319879091,-2.025168710193552,2026.0,25.157305550810683,20.512026823012196,22.745919101269084
Sint Maarten,-1.8554221721053423,-2.2176599224318205,0.03734202887183361,0.02310293919324607,0.01031109192576,0.2604579754306582,-4.073082094537163,-4.642527972269542,-2.241903886404136,-2.5216529433599075,2026.0,17.715746348511928,10.444551669189083,13.684086249575367
Slovakia,-0.552906785076622,-0.5605661010471479,0.01712651178309411,0.018634096923377436,0.009055303585118659,0.2604579754306582,-1.11347288612377,-1.5776763582206894,-0.814643383840296,-0.8335796312860533,2026.0,71.3674121223234,70.99586757913838,71.18176602782533
Slovenia,-0.6037595846283172,-0.4184372352853896,0.018661829286276316,0.019232881988772824,0.009562053326355216,0.2604579754306582,-1.0221968199137068,-1.499769088487834,-0.8769761967607154,-0.6958025682942055,2026.0,68.88331671896071,77.68439310811097,73.37621314421466
Solomon Islands,-1.716955741112426,-2.015771818393415,0.02218814393003819,0.022636815491799925,0.010588801147202485,0.2604579754306582,-3.732727559505841,-4.246546834022642,-2.014869446269058,-2.3166825393177444,2026.0,21.39497812685336,14.104149499109475,17.447776058501418
Somalia,-1.922794983169041,-1.5456848772998772,0.04978827765380134,0.02087264197334248,0.012472209191588741,0.2604579754306582,-3.468479860468918,-4.08688211793673,-2.3690607230765597,-1.8346322217994762,2026.0,16.116762717638444,26.716224653659882,20.90594776867437
South Africa,-0.763918199429962,-0.5855986929645476,0.016738908288455093,0.02073352862375447,0.00923599993124457,0.2604579754306582,-1.3495168923945096,-1.8225684192906764,-1.022676065308123,-0.8735815301181146,2026.0,60.89833358932655,69.77489419749475,65.36225979361758
South Korea,-0.45673540769792453,-0.29471493857102726,0.01730015279972862,0.022923548769580065,0.010553713139778344,0.2604579754306582,-0.7514503462689518,-1.2467527906354838,-0.7197954981695018,-0.5975254322437537,2026.0,75.93096635711598,83.02046396273587,79.58742360205765
South Sudan,-1.6454697749327494,-1.432495914908326,0.03013416651701984,0.017966573867912724,0.009088084951564166,0.2604579754306582,-3.0779656898410757,-3.5928517366050596,-1.992653683068019,-1.700574812756797,2026.0,23.51019376807858,30.714117718754387,26.942244661528214
Spain,0.29853834316425804,0.2152683988858976,0.01349532691075991,0.020380401510143357,0.008220340056290293,0.2604579754306582,0.5138067420501556,0.0651803561409724,0.06619956542141192,-0.07025148840844381,2026.0,98.32852037914009,97.30333285980281,97.85713297527252
Sri Lanka,-2.151851847039113,-2.052535558567053,0.027175170082489663,0.019495326948073682,0.010777036461679225,0.2604579754306582,-4.204387405606166,-4.726784074638126,-2.481549709225022,-2.3317868930173913,2026.0,11.536959301571647,13.367709973853248,12.42404333583156
St Kitts and Nevis,-1.7756486692913453,-2.0223129135745883,0.021399673447165323,0.02045198800878738,0.00969213095763374,0.2604579754306582,-3.7979615828659337,-4.292879448258648,-2.068221213780163,-2.3083338079776885,2026.0,19.769286692102327,13.97071903403182,16.668117140226446
St Lucia,-1.7153808364571943,-1.9852836550922048,0.026615612385792967,0.02395155656978375,0.011967229346486332,0.2604579754306582,-3.700664491549399,-4.246564217317967,-2.041666676700334,-2.294809463837025,2026.0,21.439967935282144,14.740015373573168,17.84151418268676
St Vincent and the Grenadines,-1.3955587582930056,-1.8938137324209372,0.020298206581379062,0.01843457996968928,0.008612482692607325,0.2604579754306582,-3.2893724907139426,-3.7624803090229744,-1.6805023076593955,-2.16536173900312,2026.0,32.10136514657531,16.78972882753009,23.53421172545317
Sudan,-1.2329705763750933,-0.9678087585186679,0.0200381464707452,0.0158570995342001,0.007993641560269648,0.2604579754306582,-2.2007793348937614,-2.656334069807074,-1.5160828966350581,-1.2196587101501908,2026.0,38.67361772379707,50.807913421058394,44.55008305048705
Suriname,-0.9675740696741117,-1.0579115340148717,0.01960694956510306,0.019048905064915234,0.008455545271324853,0.2604579754306582,-2.0254856036889834,-2.4969384440565774,-1.2476237050254406,-1.3339470756751095,2026.0,50.819266011305395,46.51832494224082,48.650695766119426
Sweden,-0.27718082283130285,-0.4606015486076017,0.01716454720534591,0.019830612289902527,0.009526010307242655,0.2604579754306582,-0.7377823714389046,-1.2112680844640549,-0.5392078993355902,-0.7422439622451966,2026.0,83.72962186398605,75.75170181094273,79.88632257994553
Switzerland,-0.0827073983858746,-0.18001394733525866,0.01661295240396162,0.01907788934457493,0.009250633233359453,0.2604579754306582,-0.26272134572113326,-0.7283053154419794,-0.34048988346941644,-0.45625941314112434,2026.0,90.63687550875198,87.41233351551914,89.08585690748825
Syria,-0.9881891133862113,-0.9022343527991334,0.017756120182668145,0.019672819676681195,0.00952084389690348,0.2604579754306582,-1.8904234661853447,-2.3656944526894916,-1.254693298589132,-1.1827540111240444,2026.0,49.82534956494958,54.00991079544573,51.90475094213098
Tahiti,-1.8333504190116403,-1.7758497554346553,0.023700438233350874,0.02626243235875804,0.011198010026485988,0.2604579754306582,-3.6092001744462956,-4.1471923329210485,-2.141249351996806,-2.0999635154557814,2026.0,18.26625380039778,19.763886250369577,19.00350701899717
Taiwan,-1.8514827696101221,-2.140031742469275,0.025993063638390396,0.01820426289204296,0.01017243978552807,0.2604579754306582,-3.991514512079397,-4.4996176752322725,-2.173930059184033,-2.4098780905419734,2026.0,17.813023834041797,11.743104517562674,14.518970444358681
Tajikistan,-1.283257990464183,-1.225748688951814,0.019640508824834597,0.022608776023402184,0.010373639589256587,0.2604579754306582,-2.509006679415997,-3.010989005904689,-1.5635471898624802,-1.5264729880924202,2026.0,36.562017097911756,38.98241936358906,37.76109583707631
Tanzania,-1.2381766444854105,-0.9215846018023239,0.019642792219651123,0.01781955438012612,0.008792246571333269,0.2604579754306582,-2.1597612462877347,-2.629002505097928,-1.5184821365447072,-1.1885644091295906,2026.0,38.45186310880096,53.05920002001141,45.4956548536067
Thailand,-1.0915038836257918,-1.2055615336447287,0.0157676935613404,0.019691021941960186,0.00907650924097922,0.2604579754306582,-2.2970654172705203,-2.7601495737054345,-1.3426428376838224,-1.486210937292484,2026.0,44.958655134427886,39.85281161571316,42.36718808052326
Timor-Leste,-2.2805489774421512,-2.4709470095877695,0.0333107276262107,0.01664336613785673,0.009468505743788007,0.2604579754306582,-4.751495987029921,-5.276438289579995,-2.6455735115557406,-2.728965351089739,2026.0,9.484551881349223,7.029234397623629,8.17663860498623
Togo,-1.089395568792014,-0.991901684400744,0.023704268142990276,0.022016095337831422,0.011559947589932888,0.2604579754306582,-2.081297253192758,-2.60604579739536,-1.397319378478698,-1.288658118789833,2026.0,45.05584657042068,49.647083277575135,47.32871485044967
Tonga,-3.004598305066377,-3.172323589607288,0.04635467913865674,0.02966786619705926,0.016483057268474547,0.2604579754306582,-6.176921894673665,-6.837190506293709,-3.4352010414193024,-3.5168108387011214,2026.0,2.8732141876575468,2.1372060832203665,2.480038249482719
Trinidad and Tobago,-1.0772490825302332,-1.215596156308994,0.016772134187919428,0.0160809941443031,0.007888489171262433,0.2604579754306582,-2.2928452388392273,-2.733889938046677,-1.3362636318352437,-1.4692178757598573,2026.0,45.617629359759896,39.418838660585564,42.4617410944087
Tunisia,-0.6423366098267909,-0.3910627191112437,0.014904259734026043,0.0197191182973335,0.008456309038562367,0.2604579754306582,-1.0333993289380345,-1.4874301477531642,-0.8865026167485247,-0.6719122752606775,2026.0,66.9760950667919,78.91085071528687,73.10911512524648
Turkey,-0.15234570759163776,-0.38042443978593077,0.01600759618252626,0.017643018657272667,0.008351704710217046,0.2604579754306582,-0.5327701473775686,-0.9815641948435885,-0.40538796637483987,-0.646078490440331,2026.0,88.37872450622667,79.38096571049022,84.15979498584646
Turkmenistan,-1.4314191035421349,-1.5106038583626682,0.02517466701221385,0.02321156735579577,0.011585883688575103,0.2604579754306582,-2.942022961904803,-3.477029510444762,-1.7487496379204948,-1.81531071654473,2026.0,30.75398866328879,27.91424915554932,29.310692890578103
Turks and Caicos Islands,-2.66088739512272,-3.004855235273565,0.038800029180969656,0.024096205505866632,0.011795138255887985,0.2604579754306582,-5.665742630396285,-6.253914412101638,-3.0548418553384646,-3.315314285751187,2026.0,5.1573893233907935,2.87192635500384,3.863154854064077
US Virgin Islands,-2.7158868859815324,-2.7488903742844837,0.039060085825380175,0.024310465002246692,0.0124871549542528,0.2604579754306582,-5.4647772602660165,-6.059234527817293,-3.1111593784490967,-3.060726645441299,2026.0,4.706207540184016,4.452904332905938,4.57797025138057
USA,-0.31325766653241904,-0.4806800103856398,0.015758944298852006,0.020260377143238296,0.009494142853476793,0.2604579754306582,-0.7939376769180588,-1.2630116887713863,-0.5643269342563044,-0.7653579135902144,2026.0,82.2568097537359,74.8145125527674,78.6482490910845
Uganda,-1.1323739784879203,-0.7721473440871209,0.01957167031888877,0.020631002790469602,0.00991960262251705,0.2604579754306582,-1.9045213225750413,-2.3945902089752797,-1.412171550449428,-1.0594172714409573,2026.0,43.093928973097206,60.485888098213536,51.56180535298742
Ukraine,-0.3750517418426512,-0.37867754053791947,0.017520716850546725,0.018301038914238208,0.008851635148325465,0.2604579754306582,-0.7537292823805707,-1.2164388070780243,-0.6397834312985735,-0.6492402054733329,2026.0,79.61694872625048,79.45780141351986,79.5374309195188
United Arab Emirates,-0.7992671133288642,-0.7943896880550747,0.014737827713618324,0.016370784909518148,0.007256905628001504,0.2604579754306582,-1.593656801383939,-2.020844927993935,-1.0420660236527644,-1.0502864243337395,2026.0,59.12773878112865,59.371831282779674,59.2497739508143
Uruguay,-0.12082674165293204,-0.015552410668564817,0.017252744758585015,0.020181740220352795,0.00970931349885981,0.2604579754306582,-0.13637915232149686,-0.6132569646661579,-0.383526149787667,-0.2996773143313926,2026.0,89.43224828418917,92.56776743305888,91.07519906019986
Uzbekistan,-0.6028368513308865,-0.5582340279617722,0.01757199963996185,0.021120475103125282,0.009832394049916046,0.2604579754306582,-1.1610708792926587,-1.6442158382559877,-0.867955689891724,-0.8488917311325314,2026.0,68.92872336590787,71.10910033319091,70.02263680964998
Vanuatu,-1.8047774000488648,-2.0880077639951553,0.027800351304877916,0.02437705335210817,0.012088062953226376,0.2604579754306582,-3.89278516404402,-4.445428016394211,-2.138246147039511,-2.4002708156173935,2026.0,18.998889590762445,12.687747610061395,15.58507034488491
Venezuela,-0.35847198552566356,-0.42122067275072256,0.020079210509203853,0.018697448939940776,0.009889472284078557,0.2604579754306582,-0.7796926582763861,-1.2636579628894409,-0.6418742474023384,-0.6946979035392529,2026.0,80.33890035149805,77.55838766729542,78.96479354267399
Vietnam,-1.2577510921661128,-1.2712259543068445,0.016728030522052798,0.020303870639321653,0.0093414354777373,0.2604579754306582,-2.5289770464729573,-3.0010565826396887,-1.5164248675825844,-1.556209256549777,2026.0,37.62453844303448,37.06101425485359,37.34216020816237
Wales,-0.4900909740081998,-0.3978286116110866,0.017392282233160805,0.02015419761347307,0.009395649407206509,0.2604579754306582,-0.8879195856192864,-1.3626311976999133,-0.7538505784449733,-0.6817595723284628,2026.0,74.37181259993932,78.6099272914976,76.52048222414663
Yemen,-1.4244752997661205,-1.370711002297749,0.021599287786903735,0.0202572694055832,0.009866839077102578,0.2604579754306582,-2.795186302063869,-3.2915339034348925,-1.7184092228638381,-1.6553670713044237,2026.0,31.011921470997006,33.057116699218625,32.02391350177187
Yugoslavia,,,,,,,,,,,,,,
Zambia,-0.9689708359139979,-0.8762171660006082,0.01957197476426762,0.019540213455784654,0.00989220278015163,0.2604579754306582,-1.845188001914606,-2.330560410608613,-1.2487705840501793,-1.1557897930997907,2026.0,50.75171274596975,55.29473587909006,53.009731003917814
Zimbabwe,-1.0085912129678318,-0.9026068895167239,0.02131722441690417,0.019787496367401576,0.010098634052478767,0.2604579754306582,-1.9111981024845557,-2.4063828715930704,-1.3005995992645556,-1.183942961625521,2026.0,48.84857782728908,53.99156611845066,51.399633627158735
