match_id,date,stage,group,home_team,away_team,stadium,city,country,tournament,neutral,home_score,away_score,home_score_90,away_score_90,home_score_120,away_score_120,went_extra_time,went_penalties,penalty_winner,first_shooter
1,2026-06-11,Group,A,Mexico,South Africa,Estadio Azteca,Mexico City,Mexico,FIFA World Cup,False,2,0,2,0,NA,NA,False,False,NA,NA
2,2026-06-11,Group,A,South Korea,Czechia,Estadio Akron,Zapopan,Mexico,FIFA World Cup,True,2,1,2,1,NA,NA,False,False,NA,NA
3,2026-06-12,Group,B,Canada,Bosnia and Herzegovina,BMO Field,Toronto,Canada,FIFA World Cup,NA,NA,NA,NA,NA,NA,NA,NA,NA,NA,NA
4,2026-06-12,Group,D,USA,Paraguay,SoFi Stadium,Inglewood,USA,FIFA World Cup,NA,NA,NA,NA,NA,NA,NA,NA,NA,NA,NA
5,2026-06-13,Group,C,Haiti,Scotland,Gillette Stadium,Foxborough,USA,FIFA World Cup,NA,NA,NA,NA,NA,NA,NA,NA,NA,NA,NA
6,2026-06-13,Group,D,Australia,Turkey,BC Place,Vancouver,Canada,FIFA World Cup,NA,NA,NA,NA,NA,NA,NA,NA,NA,NA,NA
7,2026-06-13,Group,C,Brazil,Morocco,MetLife Stadium,East Rutherford,USA,FIFA World Cup,NA,NA,NA,NA,NA,NA,NA,NA,NA,NA,NA
8,2026-06-13,Group,B,Qatar,Switzerland,Levi's Stadium,Santa Clara,USA,FIFA World Cup,NA,NA,NA,NA,NA,NA,NA,NA,NA,NA,NA
9,2026-06-14,Group,E,Ivory Coast,Ecuador,Lincoln Financial Field,Philadelphia,USA,FIFA World Cup,NA,NA,NA,NA,NA,NA,NA,NA,NA,NA,NA
10,2026-06-14,Group,E,Germany,Curacao,NRG Stadium,Houston,USA,FIFA World Cup,NA,NA,NA,NA,NA,NA,NA,NA,NA,NA,NA
11,2026-06-14,Group,F,Netherlands,Japan,AT&T Stadium,Arlington,USA,FIFA World Cup,NA,NA,NA,NA,NA,NA,NA,NA,NA,NA,NA
12,2026-06-14,Group,F,Sweden,Tunisia,Estadio BBVA,Guadalupe,Mexico,FIFA World Cup,NA,NA,NA,NA,NA,NA,NA,NA,NA,NA,NA
13,2026-06-15,Group,H,Saudi Arabia,Uruguay,Hard Rock Stadium,Miami Gardens,USA,FIFA World Cup,NA,NA,NA,NA,NA,NA,NA,NA,NA,NA,NA
14,2026-06-15,Group,H,Spain,Cape Verde,Mercedes-Benz Stadium,Atlanta,USA,FIFA World Cup,NA,NA,NA,NA,NA,NA,NA,NA,NA,NA,NA
15,2026-06-15,Group,G,Iran,New Zealand,SoFi Stadium,Inglewood,USA,FIFA World Cup,NA,NA,NA,NA,NA,NA,NA,NA,NA,NA,NA
16,2026-06-15,Group,G,Belgium,Egypt,Lumen Field,Seattle,USA,FIFA World Cup,NA,NA,NA,NA,NA,NA,NA,NA,NA,NA,NA
17,2026-06-16,Group,I,France,Senegal,MetLife Stadium,East Rutherford,USA,FIFA World Cup,NA,NA,NA,NA,NA,NA,NA,NA,NA,NA,NA
18,2026-06-16,Group,I,Iraq,Norway,Gillette Stadium,Foxborough,USA,FIFA World Cup,NA,NA,NA,NA,NA,NA,NA,NA,NA,NA,NA
19,2026-06-16,Group,J,Argentina,Algeria,Arrowhead Stadium,Kansas City,USA,FIFA World Cup,NA,NA,NA,NA,NA,NA,NA,NA,NA,NA,NA
20,2026-06-16,Group,J,Austria,Jordan,Levi's Stadium,Santa Clara,USA,FIFA World Cup,NA,NA,NA,NA,NA,NA,NA,NA,NA,NA,NA
21,2026-06-17,Group,L,Ghana,Panama,BMO Field,Toronto,Canada,FIFA World Cup,NA,NA,NA,NA,NA,NA,NA,NA,NA,NA,NA
22,2026-06-17,Group,L,England,Croatia,AT&T Stadium,Arlington,USA,FIFA World Cup,NA,NA,NA,NA,NA,NA,NA,NA,NA,NA,NA
23,2026-06-17,Group,K,Portugal,DR Congo,NRG Stadium,Houston,USA,FIFA World Cup,NA,NA,NA,NA,NA,NA,NA,NA,NA,NA,NA
24,2026-06-17,Group,K,Uzbekistan,Colombia,Estadio Azteca,Mexico City,Mexico,FIFA World Cup,NA,NA,NA,NA,NA,NA,NA,NA,NA,NA,NA
25,2026-06-18,Group,A,Czechia,South Africa,Mercedes-Benz Stadium,Atlanta,USA,FIFA World Cup,NA,NA,NA,NA,NA,NA,NA,NA,NA,NA,NA
26,2026-06-18,Group,B,Switzerland,Bosnia and Herzegovina,SoFi Stadium,Inglewood,USA,FIFA World Cup,NA,NA,NA,NA,NA,NA,NA,NA,NA,NA,NA
27,2026-06-18,Group,B,Canada,Qatar,BC Place,Vancouver,Canada,FIFA World Cup,NA,NA,NA,NA,NA,NA,NA,NA,NA,NA,NA
28,2026-06-18,Group,A,Mexico,South Korea,Estadio Akron,Zapopan,Mexico,FIFA World Cup,NA,NA,NA,NA,NA,NA,NA,NA,NA,NA,NA
29,2026-06-19,Group,C,Brazil,Haiti,Lincoln Financial Field,Philadelphia,USA,FIFA World Cup,NA,NA,NA,NA,NA,NA,NA,NA,NA,NA,NA
30,2026-06-19,Group,C,Scotland,Morocco,Gillette Stadium,Foxborough,USA,FIFA World Cup,NA,NA,NA,NA,NA,NA,NA,NA,NA,NA,NA
31,2026-06-19,Group,D,Turkey,Paraguay,Levi's Stadium,Santa Clara,USA,FIFA World Cup,NA,NA,NA,NA,NA,NA,NA,NA,NA,NA,NA
32,2026-06-19,Group,D,USA,Australia,Lumen Field,Seattle,USA,FIFA World Cup,NA,NA,NA,NA,NA,NA,NA,NA,NA,NA,NA
33,2026-06-20,Group,E,Germany,Ivory Coast,BMO Field,Toronto,Canada,FIFA World Cup,NA,NA,NA,NA,NA,NA,NA,NA,NA,NA,NA
34,2026-06-20,Group,E,Ecuador,Curacao,Arrowhead Stadium,Kansas City,USA,FIFA World Cup,NA,NA,NA,NA,NA,NA,NA,NA,NA,NA,NA
35,2026-06-20,Group,F,Netherlands,Sweden,NRG Stadium,Houston,USA,FIFA World Cup,NA,NA,NA,NA,NA,NA,NA,NA,NA,NA,NA
36,2026-06-20,Group,F,Tunisia,Japan,Estadio BBVA,Guadalupe,Mexico,FIFA World Cup,NA,NA,NA,NA,NA,NA,NA,NA,NA,NA,NA
37,2026-06-21,Group,H,Uruguay,Cape Verde,Hard Rock Stadium,Miami Gardens,USA,FIFA World Cup,NA,NA,NA,NA,NA,NA,NA,NA,NA,NA,NA
38,2026-06-21,Group,H,Spain,Saudi Arabia,Mercedes-Benz Stadium,Atlanta,USA,FIFA World Cup,NA,NA,NA,NA,NA,NA,NA,NA,NA,NA,NA
39,2026-06-21,Group,G,Belgium,Iran,SoFi Stadium,Inglewood,USA,FIFA World Cup,NA,NA,NA,NA,NA,NA,NA,NA,NA,NA,NA
40,2026-06-21,Group,G,New Zealand,Egypt,BC Place,Vancouver,Canada,FIFA World Cup,NA,NA,NA,NA,NA,NA,NA,NA,NA,NA,NA
41,2026-06-22,Group,I,Norway,Senegal,MetLife Stadium,East Rutherford,USA,FIFA World Cup,NA,NA,NA,NA,NA,NA,NA,NA,NA,NA,NA
42,2026-06-22,Group,I,France,Iraq,Lincoln Financial Field,Philadelphia,USA,FIFA World Cup,NA,NA,NA,NA,NA,NA,NA,NA,NA,NA,NA
43,2026-06-22,Group,J,Argentina,Austria,AT&T Stadium,Arlington,USA,FIFA World Cup,NA,NA,NA,NA,NA,NA,NA,NA,NA,NA,NA
44,2026-06-22,Group,J,Jordan,Algeria,Levi's Stadium,Santa Clara,USA,FIFA World Cup,NA,NA,NA,NA,NA,NA,NA,NA,NA,NA,NA
45,2026-06-23,Group,L,England,Ghana,Gillette Stadium,Foxborough,USA,FIFA World Cup,NA,NA,NA,NA,NA,NA,NA,NA,NA,NA,NA
46,2026-06-23,Group,L,Panama,Croatia,BMO Field,Toronto,Canada,FIFA World Cup,NA,NA,NA,NA,NA,NA,NA,NA,NA,NA,NA
47,2026-06-23,Group,K,Portugal,Uzbekistan,NRG Stadium,Houston,USA,FIFA World Cup,NA,NA,NA,NA,NA,NA,NA,NA,NA,NA,NA
48,2026-06-23,Group,K,Colombia,DR Congo,Estadio Akron,Zapopan,Mexico,FIFA World Cup,NA,NA,NA,NA,NA,NA,NA,NA,NA,NA,NA
49,2026-06-24,Group,C,Scotland,Brazil,Hard Rock Stadium,Miami Gardens,USA,FIFA World Cup,NA,NA,NA,NA,NA,NA,NA,NA,NA,NA,NA
50,2026-06-24,Group,C,Morocco,Haiti,Mercedes-Benz Stadium,Atlanta,USA,FIFA World Cup,NA,NA,NA,NA,NA,NA,NA,NA,NA,NA,NA
51,2026-06-24,Group,B,Switzerland,Canada,BC Place,Vancouver,Canada,FIFA World Cup,NA,NA,NA,NA,NA,NA,NA,NA,NA,NA,NA
52,2026-06-24,Group,B,Bosnia and Herzegovina,Qatar,Lumen Field,Seattle,USA,FIFA World Cup,NA,NA,NA,NA,NA,NA,NA,NA,NA,NA,NA
53,2026-06-24,Group,A,Czechia,Mexico,Estadio Azteca,Mexico City,Mexico,FIFA World Cup,NA,NA,NA,NA,NA,NA,NA,NA,NA,NA,NA
54,2026-06-24,Group,A,South Africa,South Korea,Estadio BBVA,Guadalupe,Mexico,FIFA World Cup,NA,NA,NA,NA,NA,NA,NA,NA,NA,NA,NA
55,2026-06-25,Group,E,Curacao,Ivory Coast,Lincoln Financial Field,Philadelphia,USA,FIFA World Cup,NA,NA,NA,NA,NA,NA,NA,NA,NA,NA,NA
56,2026-06-25,Group,E,Ecuador,Germany,MetLife Stadium,East Rutherford,USA,FIFA World Cup,NA,NA,NA,NA,NA,NA,NA,NA,NA,NA,NA
57,2026-06-25,Group,F,Japan,Sweden,AT&T Stadium,Arlington,USA,FIFA World Cup,NA,NA,NA,NA,NA,NA,NA,NA,NA,NA,NA
58,2026-06-25,Group,F,Tunisia,Netherlands,Arrowhead Stadium,Kansas City,USA,FIFA World Cup,NA,NA,NA,NA,NA,NA,NA,NA,NA,NA,NA
59,2026-06-25,Group,D,Turkey,USA,SoFi Stadium,Inglewood,USA,FIFA World Cup,NA,NA,NA,NA,NA,NA,NA,NA,NA,NA,NA
60,2026-06-25,Group,D,Paraguay,Australia,Levi's Stadium,Santa Clara,USA,FIFA World Cup,NA,NA,NA,NA,NA,NA,NA,NA,NA,NA,NA
61,2026-06-26,Group,I,Norway,France,Gillette Stadium,Foxborough,USA,FIFA World Cup,NA,NA,NA,NA,NA,NA,NA,NA,NA,NA,NA
62,2026-06-26,Group,I,Senegal,Iraq,BMO Field,Toronto,Canada,FIFA World Cup,NA,NA,NA,NA,NA,NA,NA,NA,NA,NA,NA
63,2026-06-26,Group,G,Egypt,Iran,Lumen Field,Seattle,USA,FIFA World Cup,NA,NA,NA,NA,NA,NA,NA,NA,NA,NA,NA
64,2026-06-26,Group,G,New Zealand,Belgium,BC Place,Vancouver,Canada,FIFA World Cup,NA,NA,NA,NA,NA,NA,NA,NA,NA,NA,NA
65,2026-06-26,Group,H,Cape Verde,Saudi Arabia,NRG Stadium,Houston,USA,FIFA World Cup,NA,NA,NA,NA,NA,NA,NA,NA,NA,NA,NA
66,2026-06-26,Group,H,Uruguay,Spain,Estadio Akron,Zapopan,Mexico,FIFA World Cup,NA,NA,NA,NA,NA,NA,NA,NA,NA,NA,NA
67,2026-06-27,Group,L,Panama,England,MetLife Stadium,East Rutherford,USA,FIFA World Cup,NA,NA,NA,NA,NA,NA,NA,NA,NA,NA,NA
68,2026-06-27,Group,L,Croatia,Ghana,Lincoln Financial Field,Philadelphia,USA,FIFA World Cup,NA,NA,NA,NA,NA,NA,NA,NA,NA,NA,NA
69,2026-06-27,Group,J,Algeria,Austria,Arrowhead Stadium,Kansas City,USA,FIFA World Cup,NA,NA,NA,NA,NA,NA,NA,NA,NA,NA,NA
70,2026-06-27,Group,J,Jordan,Argentina,AT&T Stadium,Arlington,USA,FIFA World Cup,NA,NA,NA,NA,NA,NA,NA,NA,NA,NA,NA
71,2026-06-27,Group,K,Colombia,Portugal,Hard Rock Stadium,Miami Gardens,USA,FIFA World Cup,NA,NA,NA,NA,NA,NA,NA,NA,NA,NA,NA
72,2026-06-27,Group,K,DR Congo,Uzbekistan,Mercedes-Benz Stadium,Atlanta,USA,FIFA World Cup,NA,NA,NA,NA,NA,NA,NA,NA,NA,NA,NA
73,2026-06-28,Round of 32,NA,Runner-up Group A,Runner-up Group B,SoFi Stadium,Inglewood,USA,FIFA World Cup,NA,NA,NA,NA,NA,NA,NA,NA,NA,NA,NA
74,2026-06-29,Round of 32,NA,Winner Group E,3rd Group A/B/C/D/F,Gillette Stadium,Foxborough,USA,FIFA World Cup,NA,NA,NA,NA,NA,NA,NA,NA,NA,NA,NA
75,2026-06-29,Round of 32,NA,Winner Group F,Runner-up Group C,Estadio BBVA,Guadalupe,Mexico,FIFA World Cup,NA,NA,NA,NA,NA,NA,NA,NA,NA,NA,NA
76,2026-06-29,Round of 32,NA,Winner Group C,Runner-up Group F,NRG Stadium,Houston,USA,FIFA World Cup,NA,NA,NA,NA,NA,NA,NA,NA,NA,NA,NA
77,2026-06-30,Round of 32,NA,Winner Group I,3rd Group C/D/F/G/H,MetLife Stadium,East Rutherford,USA,FIFA World Cup,NA,NA,NA,NA,NA,NA,NA,NA,NA,NA,NA
78,2026-06-30,Round of 32,NA,Runner-up Group E,Runner-up Group I,AT&T Stadium,Arlington,USA,FIFA World Cup,NA,NA,NA,NA,NA,NA,NA,NA,NA,NA,NA
79,2026-06-30,Round of 32,NA,Winner Group A,3rd Group C/E/F/H/I,Estadio Azteca,Mexico City,Mexico,FIFA World Cup,NA,NA,NA,NA,NA,NA,NA,NA,NA,NA,NA
80,2026-07-01,Round of 32,NA,Winner Group L,3rd Group E/H/I/J/K,Mercedes-Benz Stadium,Atlanta,USA,FIFA World Cup,NA,NA,NA,NA,NA,NA,NA,NA,NA,NA,NA
81,2026-07-01,Round of 32,NA,Winner Group D,3rd Group B/E/F/I/J,Levi's Stadium,Santa Clara,USA,FIFA World Cup,NA,NA,NA,NA,NA,NA,NA,NA,NA,NA,NA
82,2026-07-01,Round of 32,NA,Winner Group G,3rd Group A/E/H/I/J,Lumen Field,Seattle,USA,FIFA World Cup,NA,NA,NA,NA,NA,NA,NA,NA,NA,NA,NA
83,2026-07-02,Round of 32,NA,Runner-up Group K,Runner-up Group L,BMO Field,Toronto,Canada,FIFA World Cup,NA,NA,NA,NA,NA,NA,NA,NA,NA,NA,NA
84,2026-07-02,Round of 32,NA,Winner Group H,Runner-up Group J,SoFi Stadium,Inglewood,USA,FIFA World Cup,NA,NA,NA,NA,NA,NA,NA,NA,NA,NA,NA
85,2026-07-02,Round of 32,NA,Winner Group B,3rd Group E/F/G/I/J,BC Place,Vancouver,Canada,FIFA World Cup,NA,NA,NA,NA,NA,NA,NA,NA,NA,NA,NA
86,2026-07-03,Round of 32,NA,Winner Group J,Runner-up Group H,Hard Rock Stadium,Miami Gardens,USA,FIFA World Cup,NA,NA,NA,NA,NA,NA,NA,NA,NA,NA,NA
87,2026-07-03,Round of 32,NA,Winner Group K,3rd Group D/E/I/J/L,Arrowhead Stadium,Kansas City,USA,FIFA World Cup,NA,NA,NA,NA,NA,NA,NA,NA,NA,NA,NA
88,2026-07-03,Round of 32,NA,Runner-up Group D,Runner-up Group G,AT&T Stadium,Arlington,USA,FIFA World Cup,NA,NA,NA,NA,NA,NA,NA,NA,NA,NA,NA
89,2026-07-04,Round of 16,NA,Winner Match 74,Winner Match 77,Lincoln Financial Field,Philadelphia,USA,FIFA World Cup,NA,NA,NA,NA,NA,NA,NA,NA,NA,NA,NA
90,2026-07-04,Round of 16,NA,Winner Match 73,Winner Match 75,NRG Stadium,Houston,USA,FIFA World Cup,NA,NA,NA,NA,NA,NA,NA,NA,NA,NA,NA
91,2026-07-05,Round of 16,NA,Winner Match 76,Winner Match 78,MetLife Stadium,East Rutherford,USA,FIFA World Cup,NA,NA,NA,NA,NA,NA,NA,NA,NA,NA,NA
92,2026-07-05,Round of 16,NA,Winner Match 79,Winner Match 80,Estadio Azteca,Mexico City,Mexico,FIFA World Cup,NA,NA,NA,NA,NA,NA,NA,NA,NA,NA,NA
93,2026-07-06,Round of 16,NA,Winner Match 83,Winner Match 84,AT&T Stadium,Arlington,USA,FIFA World Cup,NA,NA,NA,NA,NA,NA,NA,NA,NA,NA,NA
94,2026-07-06,Round of 16,NA,Winner Match 81,Winner Match 82,Lumen Field,Seattle,USA,FIFA World Cup,NA,NA,NA,NA,NA,NA,NA,NA,NA,NA,NA
95,2026-07-07,Round of 16,NA,Winner Match 86,Winner Match 88,Mercedes-Benz Stadium,Atlanta,USA,FIFA World Cup,NA,NA,NA,NA,NA,NA,NA,NA,NA,NA,NA
96,2026-07-07,Round of 16,NA,Winner Match 85,Winner Match 87,BC Place,Vancouver,Canada,FIFA World Cup,NA,NA,NA,NA,NA,NA,NA,NA,NA,NA,NA
97,2026-07-09,Quarterfinal,NA,Winner Match 89,Winner Match 90,Gillette Stadium,Foxborough,USA,FIFA World Cup,NA,NA,NA,NA,NA,NA,NA,NA,NA,NA,NA
98,2026-07-10,Quarterfinal,NA,Winner Match 93,Winner Match 94,SoFi Stadium,Inglewood,USA,FIFA World Cup,NA,NA,NA,NA,NA,NA,NA,NA,NA,NA,NA
99,2026-07-11,Quarterfinal,NA,Winner Match 91,Winner Match 92,Hard Rock Stadium,Miami Gardens,USA,FIFA World Cup,NA,NA,NA,NA,NA,NA,NA,NA,NA,NA,NA
100,2026-07-11,Quarterfinal,NA,Winner Match 95,Winner Match 96,Arrowhead Stadium,Kansas City,USA,FIFA World Cup,NA,NA,NA,NA,NA,NA,NA,NA,NA,NA,NA
101,2026-07-14,Semifinal,NA,Winner Match 97,Winner Match 98,AT&T Stadium,Arlington,USA,FIFA World Cup,NA,NA,NA,NA,NA,NA,NA,NA,NA,NA,NA
102,2026-07-15,Semifinal,NA,Winner Match 99,Winner Match 100,Mercedes-Benz Stadium,Atlanta,USA,FIFA World Cup,NA,NA,NA,NA,NA,NA,NA,NA,NA,NA,NA
103,2026-07-18,Third place,NA,Loser Match 101,Loser Match 102,Hard Rock Stadium,Miami Gardens,USA,FIFA World Cup,NA,NA,NA,NA,NA,NA,NA,NA,NA,NA,NA
104,2026-07-19,Final,NA,Winner Match 101,Winner Match 102,MetLife Stadium,East Rutherford,USA,FIFA World Cup,NA,NA,NA,NA,NA,NA,NA,NA,NA,NA,NA
