team,mu_attack,mu_defense,sigma_attack,sigma_defense,sigma_ad,mu_global,quality,quality_low,mu_attack_low,mu_defense_low,year,rating_attack,rating_defense,rating,tilt,display_tilt
Afghanistan,-1.8889710458624798,-1.7474620685547992,0.027675057091704116,0.023176521987391806,0.012290915252072732,0.27080983712202,-3.636433114417279,-4.1857359801780225,-2.221687484240292,-2.0519388130683454,2026.0,16.904352148910128,20.537666815140465,18.651472979398477,-0.14150897730768053,-2.75695959337146
Albania,-0.7689367399617498,-0.46524199377843983,0.01994818479938787,0.019416998670685002,0.009849971045310896,0.27080983712202,-1.2341787337401897,-1.720245089542336,-1.0514128260248916,-0.7439317759426591,2026.0,60.646791913865464,75.53601628766302,68.22619165919974,-0.30369474618331,-5.422868856928127
Algeria,-0.33532380176947546,-0.42793572961569315,0.012773712269657992,0.018205431040298703,0.006980062581121781,0.27080983712202,-0.7632595313851687,-1.1872372122703787,-0.5613654994242046,-0.697790735426582,2026.0,81.33040443446802,77.25344765338232,79.32789066655475,0.09261192784621769,1.831343137122692
American Samoa,-3.4552374436541173,-3.676638114627709,0.06630992844893714,0.029902212226516494,0.019201721361579462,0.27080983712202,-7.131875558281827,-7.865675485778723,-3.9702517286945893,-4.022483237343161,2026.0,1.2793538065396182,0.8466693845793571,1.041984500812576,0.22140067097359184,4.159637760788508
Andorra,-1.8653173821204716,-1.1441493746934042,0.031031642851665393,0.01668495564505896,0.010358560582117114,0.27080983712202,-3.0094667568138758,-3.53266354449881,-2.2176333928362233,-1.402489891415493,2026.0,17.473262770815023,42.56372296272524,28.11833637589246,-0.7211680074270674,-8.941669966646762
Angola,-1.008619056934331,-0.6981641440705542,0.01983654480095652,0.020993939307851164,0.010115581269558568,0.27080983712202,-1.7067832010048851,-2.200996299366006,-1.2903035953879458,-0.9879498532271733,2026.0,48.84724965604784,64.19285274616901,56.42728940870592,-0.3104549128637768,-5.517611842268321
Anguilla,-2.8710515363099476,-2.715796722266836,0.04328910138053322,0.019000864372419275,0.010487871479895423,0.27080983712202,-5.586848258576784,-6.163964221664769,-3.287172198524807,-2.9914839680539367,2026.0,3.6193509346664543,4.7069170495053765,4.130696134482048,-0.15525481404311137,-3.009006539387003
Antigua and Barbuda,-1.9142047432866343,-2.121177491647531,0.024177508821153968,0.02077164822513217,0.010512469141739504,0.27080983712202,-4.035382234934165,-4.549090694392504,-2.2251871146272233,-2.4094249424611136,2026.0,16.313923140450648,12.078366309905286,14.064889413699678,0.20697274836089674,3.9181761379460776
Argentina,0.19768965494376178,0.381043261732321,0.01463255613122643,0.021297003037748917,0.009049797583768998,0.27080983712202,0.5787329166760828,0.11384947177182153,-0.044240550952289404,0.08917340691515141,2026.0,97.04356905469871,99.04204108377498,98.23147881071867,-0.18335360678855922,-3.5110819489538643
Armenia,-0.9133428895534742,-1.22104462941358,0.02096439208822695,0.01634679926806361,0.009170358536481904,0.27080983712202,-2.134387518967054,-2.6062006532872184,-1.2029246022925693,-1.4767538335346957,2026.0,53.46358386054915,39.18429560616925,46.08502801549045,0.30770173986010574,5.47919559672986
Aruba,-1.683777278609232,-2.059107583652156,0.02722138205602148,0.02192218086859566,0.0106378041277358,0.27080983712202,-3.7428848622613877,-4.273617077903471,-2.01375535094751,-2.3552304018786185,2026.0,22.35805353595507,13.23948855969228,17.32449824889548,0.375330305042924,6.3554289763817025
Australia,-0.4019795463226668,-0.2644506826934914,0.0159560823066505,0.020823364018848465,0.009082176168598747,0.27080983712202,-0.6664302290161582,-1.1352321004403088,-0.654614320703792,-0.5530567395866097,2026.0,78.42457914640096,84.2363443498994,81.41973981127126,-0.13752886362917538,-2.683247538525375
Austria,-0.16321088049830704,-0.34209134921720596,0.014336960464104846,0.01797359033036983,0.00778901462451013,0.27080983712202,-0.505302229715513,-0.9429714200567794,-0.4026849748309078,-0.6102225882056522,2026.0,88.00379335290296,81.04256852293207,84.69975249497028,0.17888046871889893,3.4324028444716355
Azerbaijan,-1.2231648248047908,-1.0396170457494085,0.023023648724838235,0.017460455553702205,0.009634142465529703,0.27080983712202,-2.2627818705541993,-2.751667907211414,-1.5266357375779147,-1.303893079878137,2026.0,39.09323522818209,47.377324750738794,43.13833801435998,-0.18354777905538233,-3.514486190594649
Bahamas,-2.3292835216298555,-2.679261607230304,0.03191485832943444,0.019281197433496596,0.009375806478824276,0.27080983712202,-5.00854512886016,-5.537497560447649,-2.686578124608599,-2.9569751102041177,2026.0,8.793945100036616,5.0024988524861485,6.6625526899084075,0.34997808560044863,6.043399565062772
Bahrain,-1.1168348973241722,-0.9295349078596181,0.018388435718737984,0.019213542197284716,0.00968469096035161,0.27080983712202,-2.04636980518379,-2.52374328512052,-1.3880428302371899,-1.20676075223409,2026.0,43.798501033479454,52.66991861838477,48.15434340095689,-0.18729998946455406,-3.5800869802802975
Bangladesh,-2.1319362853128614,-1.8049983391193516,0.028656011682868923,0.020619048399458596,0.012366465488114018,0.27080983712202,-3.936934624432213,-4.481022819704103,-2.470498017839554,-2.09218502682934,2026.0,11.886080679179834,18.993137316216103,15.100693099625339,-0.3269379461935098,-5.742734098838827
Barbados,-1.880205057371888,-2.060203434300737,0.02457191562335004,0.021687948700146512,0.010975052505986377,0.27080983712202,-3.940408491672625,-4.462749259124178,-2.193713689618913,-2.3547400106381864,2026.0,17.11343340290401,13.218208277622946,15.063108007953986,0.17999837692884912,3.45211174841653
Belarus,-0.8777429317669152,-0.839734243358416,0.0219978684253745,0.01772816546532082,0.01010396591174645,0.27080983712202,-1.7174771751253313,-2.2071054656241063,-1.174376499829429,-1.1060285577199571,2026.0,55.219198472595956,57.10696419024484,56.16158269167744,-0.03800868840849925,-0.7587128875914046
Belgium,0.035959590390226004,-0.16001949674899998,0.01307500709902963,0.019308144672713322,0.0078014695465640875,0.27080983712202,-0.12405990635877398,-0.562174461537536,-0.1927324042141294,-0.43792699699117277,2026.0,93.87952664111978,88.11453741261518,91.25771612422486,0.195979087139226,3.730471245891593
Belize,-1.8230480947724206,-1.7756483735684405,0.024893762369316595,0.022521099031483686,0.01039504245681136,0.27080983712202,-3.598696468340861,-4.121018002702304,-2.1386032396794024,-2.075789000818293,2026.0,18.52780103900875,19.76929463498729,19.14067048937893,-0.04739972120398006,-0.9451647411848711
Benin,-0.9225847791416067,-0.94376436568424,0.020225310058377764,0.01890951195004766,0.009127551084504271,0.27080983712202,-1.866349144825847,-2.345473029337709,-1.2070162124142165,-1.2187880879341408,2026.0,53.0101828922904,51.975255045389666,52.49197725368562,0.0211795865426333,0.4233385624052225
Bermuda,-1.3941098438990913,-1.8641871939490982,0.021332873816886314,0.018217211524313368,0.008426876205792137,0.27080983712202,-3.2582970378481892,-3.733286880909213,-1.6862253951241934,-2.134129495371557,2026.0,32.15660099917576,17.500823675002366,24.014260396288854,0.47007735005000684,7.3529332152052955
Bhutan,-2.5331893053538352,-2.592305517920388,0.04358106284762151,0.02158069737577155,0.013763799434846645,0.27080983712202,-5.125494823274224,-5.734393366852992,-2.950710863348732,-2.8861129199767115,2026.0,6.358234236947579,5.774323354343725,6.060007412635116,0.05911621256655275,1.1768456830542808
Bolivia,-0.5702098866439789,-0.812656954311087,0.02011336187959208,0.015445414749595227,0.008535901339603637,0.27080983712202,-1.382866840955066,-1.8416939513502326,-0.8538530559930191,-1.0612161203025685,2026.0,70.52665830167395,58.458144674598266,64.52943025046574,0.2424470676671081,4.501545872628424
Bonaire,-2.036919993151012,-2.2283584210771474,0.03640568238942059,0.027825259343213515,0.012806659426705714,0.27080983712202,-4.26527841422816,-4.864759058072631,-2.4185254563688257,-2.561976522164085,2026.0,13.676519348187256,10.27558523960268,11.873608178725847,0.19143842792613563,3.6520324262832276
Bosnia and Herzegovina,-0.578144938695688,-0.7695882910351147,0.017317309757697998,0.015890629526990097,0.007954785976421729,0.27080983712202,-1.3477332297308027,-1.7909826459178138,-0.8413354382027788,-1.0217043716566419,2026.0,70.13947020305979,60.614137177152,65.4067556490173,0.19144335233942678,3.652117778526348
Botswana,-1.39495352211335,-1.059268347058822,0.023293448819093083,0.01939413880372821,0.010092143218191605,0.27080983712202,-2.454221869172172,-2.95570715932216,-1.7001973513325044,-1.3377940284867882,2026.0,32.124430613521085,46.454880129529506,38.924066160392634,-0.335685175054528,-5.858805745943206
Brazil,0.12039736784703649,0.17839672349461114,0.015487519972992289,0.02215136361288714,0.009340219098597828,0.27080983712202,0.29879409134164764,-0.1758397539878867,-0.1285003619376467,-0.1192699599813005,2026.0,95.70947231577698,96.7401896818231,96.24738922663893,-0.05799935564757465,-1.1548121510037186
British Virgin Islands,-2.327971741248628,-2.367315679906762,0.03500992184221965,0.019931227620861715,0.01097306592852739,0.27080983712202,-4.69528742115539,-5.249858539480663,-2.702190510645459,-2.649671679459537,2026.0,8.811946191522502,8.285772390575087,8.545331078806406,0.039343938658134014,0.7852587248213615
Brunei,-2.4819973960184583,-2.6399067853776863,0.03138597053569366,0.018241918817464186,0.00951430021870075,0.27080983712202,-5.121904181396145,-5.6459518501842405,-2.8363191172588795,-2.910032080879342,2026.0,6.905715121134104,5.339518709528635,6.077759119327808,0.15790938935922805,3.0572136117962927
Bulgaria,-0.9031668307890892,-0.9708545265254237,0.019934670966265607,0.01690891766291641,0.008961194116069613,0.27080983712202,-1.874021357314513,-2.3420639915320436,-1.185547219387629,-1.2309231148856208,2026.0,53.963996100764255,50.660657347138674,52.30462170026742,0.06768769573633449,1.3455442358274294
Burkina Faso,-0.7180236019511135,-0.6642488879277312,0.01615201568029163,0.01909283410117209,0.008542213673706799,0.27080983712202,-1.3822724898788445,-1.8397843569549994,-0.9722047631750849,-0.9406025316610613,2026.0,63.198705297496986,65.88626917288155,64.54428588180173,-0.0537747140233823,-1.0713666725946485
Burundi,-1.2040832551833056,-1.103897821167359,0.025238893210256987,0.02243341161114537,0.011612019870861036,0.27080983712202,-2.3079810763506643,-2.8405084261201363,-1.521818322245517,-1.4034535696426327,2026.0,39.91696209588761,44.389250476538855,42.12311395572952,-0.1001854340159467,-1.977317142401098
Cambodia,-1.8541731639735546,-2.0964738100232814,0.026917336738928585,0.02156077485417897,0.013046854698827638,0.27080983712202,-3.950646973996836,-4.496803804919101,-2.182303240247758,-2.3901455645668803,2026.0,17.746542848969437,12.529812518916582,14.952778896050079,0.2423006460497268,4.499210547542849
Cameroon,-0.7485580105059096,-0.4505037277028196,0.01589752577125219,0.01975336838587875,0.008428621467221306,0.27080983712202,-1.1990617382087292,-1.6573548195074699,-1.0007287920905508,-0.7315970814903381,2026.0,61.668357472032255,76.21907527679312,69.09131622345903,-0.29805428280309004,-5.342747236995187
Canada,-0.33933554499675594,-0.24903158909826403,0.01623787605054925,0.02001601731749044,0.00890399035082806,0.27080983712202,-0.58836713409502,-1.053391323012955,-0.5941913948456401,-0.5319875384436732,2026.0,81.15998408943828,84.84067396218991,83.04214238677619,-0.09030395589849191,-1.786694375422253
Cape Verde,-0.8096289221092996,-0.6181748873144729,0.018809110719241715,0.018982835046629086,0.008557604294928172,0.27080983712202,-1.4278038094237724,-1.8964493230296413,-1.0839215448262929,-0.8937313065583663,2026.0,58.60949845155461,68.17258454879259,63.4051423990535,-0.1914540347948267,-3.6523029297479512
Cayman Islands,-2.3081059899986713,-2.335217632782877,0.031330425173857014,0.02327022095243976,0.011436464820254533,0.27080983712202,-4.643323622781548,-5.200005132324683,-2.6621140417368037,-2.64030923183103,2026.0,9.088495569844435,8.712912286992868,8.898983283590656,0.027111642784205525,0.5417020619570003
Central African Republic,-1.1235973150800185,-1.359530651526798,0.024065597912219766,0.020568334131600124,0.00997276765255366,0.27080983712202,-2.4831279666068165,-2.991377776636991,-1.433859126537502,-1.6463639420047347,2026.0,43.49120246035961,33.493021872424244,38.3079635023731,0.2359333364467795,4.397063172964969
Chad,-1.5099982573108097,-1.4092677720083253,0.02950576817890885,0.01960999999743439,0.009598933939199484,0.27080983712202,-2.919266029319135,-3.4420035774434004,-1.8535431200516683,-1.689339191452969,2026.0,27.935255028426177,31.58179929162559,29.720697293185438,-0.10073048530248441,-1.9877897001865246
Chile,-0.39697986969001936,-0.4236077270083652,0.019726374803781282,0.01891483068255884,0.010260013914491758,0.27080983712202,-0.8205875966983845,-1.3070492429371137,-0.6778810964853559,-0.6986701248933458,2026.0,78.64775755766364,77.45014148956469,78.05169301592588,0.026627857318345827,0.5320542424845678
China,-1.0772065643371724,-0.9950339579699734,0.020953076366721973,0.02092946067585476,0.011071833398816393,0.27080983712202,-2.072240522307146,-2.5783085171070916,-1.3667101143445737,-1.2843743158591194,2026.0,45.61960130890436,49.49685947048077,47.54225045115903,-0.08217260636719903,-1.6288140622093037
Colombia,-0.03762017583305994,0.20923228302561836,0.017186335798330152,0.021374623220757807,0.0096639818376586,0.27080983712202,0.17161210719255843,-0.30959023151499676,-0.2998135075433088,-0.08316897019165365,2026.0,91.96059882045343,97.21590707868195,95.00767718523502,-0.2468524588586783,-4.5715202576311
Comoros,-1.1339531765515505,-0.9993732964618828,0.02197800264738803,0.01690208763956703,0.007738423905343494,0.27080983712202,-2.133326473013433,-2.599617961666795,-1.4304527728237075,-1.259389354731883,2026.0,43.022635426286996,49.289017876672446,46.10974591391733,-0.1345798800896677,-2.6284281764463007
Congo,-1.2514229117121458,-1.3488118207362518,0.025605382577073895,0.020995959862922728,0.01134083438733695,0.27080983712202,-2.6002347324483974,-3.12666805667729,-1.5714565510507246,-1.63861147472447,2026.0,37.89088009006433,33.91432464039911,35.86953957464869,0.09738890902410602,1.9235144631655534
Cook Islands,-3.0722106813092163,-3.0060983180460292,0.05258189822515794,0.03322035895230266,0.017396564329177164,0.27080983712202,-6.0783089993552455,-6.772845926626402,-3.530825544675671,-3.370627378354272,2026.0,2.5521012394711717,2.8657030602477374,2.7047067981650352,-0.06611236326318704,-1.3145949927912204
Costa Rica,-0.6922493257002855,-0.6390593322276809,0.015079110295230177,0.017810200759529302,0.008215801859233788,0.27080983712202,-1.3313086579279663,-1.7754749095645672,-0.937843383407146,-0.9059690604844779,2026.0,64.48864138673329,67.13873254778119,65.81623817987186,-0.05318999347260467,-1.0598050498478235
Croatia,-0.1473008219528536,-0.1866999618341343,0.01419418782197164,0.018075129596736562,0.007896647446920677,0.27080983712202,-0.3340007837869879,-0.7724645214554503,-0.3855795480025926,-0.45558751897828004,2026.0,88.5507798918591,87.1731137875461,87.87163077030328,0.03939913988128069,0.7863559320076452
Cuba,-1.4136964132719128,-1.4597761032284375,0.021997507420607503,0.01983141515166782,0.010187836886476587,0.27080983712202,-2.8734725165003505,-3.3722895023588055,-1.7103275473128796,-1.7414242180928394,2026.0,31.415138151275368,29.715517326500375,30.557445676100237,0.04607968995652478,0.9189934929331507
Curacao,-0.9708382547906675,-0.9863854407223858,0.018432345047337154,0.017974800146703874,0.007894693291838596,0.27080983712202,-1.9572236955130533,-2.4141549016161963,-1.2423698002680736,-1.2545257036200257,2026.0,50.66144366922944,49.912038391239776,50.286260260574345,0.015547185931718221,0.31084354436536443
Cyprus,-1.0466799963575355,-1.194518764428781,0.021577487676285922,0.016394157828447654,0.00945553653226519,0.27080983712202,-2.2411987607863164,-2.7182007254332725,-1.3404655485978452,-1.450598110167149,2026.0,47.04491619635831,40.333362236348414,43.62730700146715,0.1478387680712454,2.873520035234822
Czechia,-0.3930273032841968,-0.4994586036728674,0.015246893901144292,0.01842996866522275,0.008163880805972377,0.27080983712202,-0.8924859069570642,-1.3397201819329958,-0.639983930254556,-0.7709726450425376,2026.0,78.82362584563346,73.92908414049568,76.41545623955008,0.10643130038867055,2.0970485077461234
Czechoslovakia,,,,,,,,,,,,,,,,
DR Congo,-0.654142651189373,-0.4814699594836094,0.015968537759147448,0.017455990179331585,0.007739087373670857,0.27080983712202,-1.1356126106729825,-1.5778917202217864,-0.9068760107535385,-0.7457121981914403,2026.0,66.38940592163269,74.77743460542095,70.64374427249092,-0.1726726917057636,-3.3224114730043737
Denmark,-0.1166628869291391,-0.1334075122595185,0.015342534886118472,0.01969278729057013,0.008750379045604328,0.27080983712202,-0.2500703991886576,-0.7084854088377626,-0.36439285997332665,-0.4140694960804139,2026.0,89.56757263086344,89.01788117327382,89.2945529856437,0.01674462533037939,0.33476736542620755
Djibouti,-1.6039464929418232,-1.8614260694039237,0.03459164684281667,0.016172653201112927,0.009271319712245627,0.27080983712202,-3.465372562345747,-3.9918967857901047,-1.975923088134675,-2.115769563137205,2026.0,24.808169076148634,17.568302532508852,20.94955267828016,0.2574795764621005,4.738001148231871
Dominica,-2.0644203498144824,-2.042039594305401,0.02641374182906415,0.02269195610717922,0.011181249257629587,0.27080983712202,-4.106459944119884,-4.641130670647913,-2.3894664501083587,-2.343316583849436,2026.0,13.136585851678484,13.574629464385989,13.354113195161565,-0.022380755509081585,-0.4473164034264874
Dominican Republic,-1.1319958036700242,-1.2761435233948943,0.020070439943320657,0.02156127816916936,0.0091895125003007,0.27080983712202,-2.4081393270649185,-2.898081132234028,-1.4153361639671105,-1.5698187056569939,2026.0,43.11101040067451,36.85659120836915,39.91755217020042,0.14414771972487017,2.805651818885449
East Germany,,,,,,,,,,,,,,,,
Ecuador,-0.2601627991598204,-0.06982359271080514,0.017777135541033263,0.019226322881411063,0.00943738289703976,0.27080983712202,-0.3299863918706255,-0.8027578978500949,-0.5268246490073999,-0.3471416258886788,2026.0,84.40544874785967,91.02643485092582,87.94172299700766,-0.19033920644901525,-3.6329648568185173
Egypt,-0.5787831556330586,-0.3530427133401762,0.013622025970216325,0.01797478382583383,0.007118746157498873,0.27080983712202,-0.9318258689732348,-1.3600048133927283,-0.8122100261532823,-0.6211828545039626,2026.0,70.10828642221827,80.57320507315325,75.50478503906743,-0.22574044229288243,-4.231155332438687
El Salvador,-1.361353325747351,-1.0231287876519917,0.017858141311554075,0.01829790433013384,0.00913097196003796,0.27080983712202,-2.3844821133993426,-2.8510353882212596,-1.6286220393039816,-1.2936682807404045,2026.0,33.421711601253755,48.15700547437155,40.432866382160746,-0.33822453809535924,-5.892060735301941
England,0.07069317061688203,0.22136461863643542,0.013555179859093977,0.021463042426666138,0.008413215899956958,0.27080983712202,0.29205778925331743,-0.16333063433987854,-0.16216025846754417,-0.07164079036937893,2026.0,94.68027516806292,97.3897666391306,96.18724708648169,-0.1506714480195534,-2.925410649406664
Equatorial Guinea,-1.1651682917351318,-1.0096232752060954,0.020479908765749996,0.01964589575240771,0.009040364279829264,0.27080983712202,-2.174791566941227,-2.6573121699327107,-1.451384355335692,-1.2899509103219198,2026.0,41.62547581463466,48.799357040283894,45.14812282473913,-0.1555450165290364,-3.014284161159736
Eritrea,-1.7256852408928738,-1.5894381388810164,0.05833886619016514,0.04487120228343356,0.027652704859742618,0.27080983712202,-3.3151233797738904,-4.111403426473753,-2.208754040093009,-2.013094614263766,2026.0,21.14690955665649,25.27380696344358,23.14183857559229,-0.1362471020118574,-2.659441673208966
Estonia,-1.1191319839339071,-1.0408291389025968,0.0210529409792613,0.016143573563046555,0.0092142242088902,0.27080983712202,-2.1599611228365037,-2.631660022390396,-1.4093246163645827,-1.2949438654577223,2026.0,43.694000360361386,47.32021088957571,45.491025475988764,-0.07830284503131035,-1.553378568513072
Eswatini,-1.4301556865785139,-1.2987641364366795,0.02299826940726191,0.017465135327450924,0.00920350778126277,0.27080983712202,-2.728919823015193,-3.214184370647671,-1.7334592929353254,-1.5630755839939197,2026.0,30.80081287617985,35.92483025219704,33.30039108031961,-0.13139155014183435,-2.568968126206351
Ethiopia,-1.1482499111148927,-1.166513091658534,0.023506407527281878,0.020370560931640247,0.011129967082296332,0.27080983712202,-2.314763002773427,-2.8291049226030855,-1.454885900700472,-1.4519640396803632,2026.0,42.37985410106106,41.565808576286045,41.97182872935456,0.01826318054364129,0.36510125565043633
Faroe Islands,-1.075017537617395,-0.9553111361995216,0.0230826599853093,0.017175036948002886,0.009635638352755578,0.27080983712202,-2.0303286738169164,-2.5182998764050337,-1.3788771103499933,-1.21741826657184,2026.0,45.7211769748559,51.41361354072349,48.53541642555136,-0.11970640141787336,-2.349410406574936
Fiji,-1.768127035529091,-1.9021975778055795,0.02295057282604565,0.024782838691693156,0.011147737654848,0.27080983712202,-3.6703246133346705,-4.199584046230996,-2.0711159648717032,-2.2170488994905497,2026.0,19.97211486452286,16.592765471207095,18.22055814908603,0.1340705422764885,2.6189426494748687
Finland,-0.7428343519610279,-0.7002795252723465,0.019200900246836964,0.018684491411998242,0.009603011558348735,0.27080983712202,-1.4431138772333743,-1.9209900736505328,-1.0199689780678134,-0.9736619783449476,2026.0,61.95529971500082,64.08702863531488,63.02170025538392,-0.04255482668868138,-0.8490474546816195
France,0.0961840081589669,0.16251180938404228,0.013777766221604473,0.01954831368615802,0.00805839770282533,0.27080983712202,0.2586958175430092,-0.18601926119128853,-0.13857345154448508,-0.11711875894608878,2026.0,95.22515972030831,96.4757813884391,95.88036528915332,-0.06632780122507538,-1.318829049684978
French Guiana,-1.2810185241814962,-1.4144863909062781,0.023784695335243394,0.026595630121053343,0.011359726626573264,0.27080983712202,-2.695504915087774,-3.2362443299982955,-1.5894642752317798,-1.7406497249648651,2026.0,36.654591976046746,31.38547007901227,33.95614243173224,0.13346786672478195,2.6077123322736275
Gabon,-0.9733908869055853,-0.9258124629626133,0.01864572787065786,0.019844572897245127,0.008726393924986187,0.27080983712202,-1.8992033498681986,-2.3722491768992606,-1.2464896080352008,-1.2075539962674857,2026.0,50.538139452940435,52.85208522563201,51.691087947113616,-0.04757842394297196,-0.9487067478305338
Gambia,-0.9047889844305465,-0.8958330313534121,0.022186008947168875,0.021540591841159338,0.01014459755286949,0.27080983712202,-1.8006220157839585,-2.306648876312398,-1.2026883563477688,-1.1893673008427468,2026.0,53.88414565106927,54.32536978041067,54.10464608767038,-0.008955953077134371,-0.17909990803018555
Georgia,-0.5029522768042586,-0.5835676301505764,0.018333169488463686,0.017883347736641214,0.008982170313848917,0.27080983712202,-1.086519906954835,-1.5520555462040884,-0.7737523468815293,-0.8510248995349865,2026.0,73.76345561341036,69.87431849517829,71.83389717438298,0.08061535334631786,1.5984800009831797
Germany,0.23994450624371796,-0.21124448824607864,0.013260792271436951,0.018468899444320085,0.007697003347297282,0.27080983712202,0.028700017997639327,-0.40545985306532106,0.009633479400130207,-0.4830451464080492,2026.0,97.64179819072817,86.27639288933597,93.34728846015565,0.4511889944897966,7.17453783216341
Ghana,-0.7314133485165126,-0.5154693493207243,0.017908047068799032,0.019748897538418082,0.009312987797158633,0.27080983712202,-1.246882697837237,-1.721363130316952,-0.9990552515795348,-0.7965308908977824,2026.0,62.52779195680769,73.1678401848352,67.91231658146239,-0.21594399919578833,-4.068979282043614
Gibraltar,-1.8041348489698532,-1.5653321694674607,0.03213054225961643,0.01482998770388506,0.008886960260608293,0.27080983712202,-3.369467018437314,-3.8783263329230295,-2.1626347360527722,-1.8088890433502156,2026.0,19.015626536168952,26.06140838206229,22.32984651976162,-0.23880267950239253,-4.443237743061127
Greece,-0.43181120033102266,-0.23328747392898638,0.0194853437188176,0.0216987948237172,0.010602768634267797,0.27080983712202,-0.665098674260009,-1.1646571825893954,-0.7109910256681526,-0.527897689798818,2026.0,77.07685352124855,85.44681860844034,81.44791085728654,-0.19852372640203628,-3.7741981846883976
Grenada,-1.5016042433232497,-1.7986491804120204,0.024733941321698635,0.020132235835539723,0.010918520176371923,0.27080983712202,-3.30025342373527,-3.8167927446392347,-1.81614480555139,-2.082425400948835,2026.0,28.227543268582387,19.15898608924078,23.367817448085603,0.29704493708877067,5.328307112325971
Guadeloupe,-1.2453634369603763,-1.258295921771778,0.0207018598305893,0.022270822250670886,0.009236304669988371,0.27080983712202,-2.503659358732154,-2.9994225740728524,-1.533126254784982,-1.5567641596174213,2026.0,38.14691965832551,37.60165799732523,37.873727591819915,0.012932484811401634,0.2585920330648261
Guam,-2.3726346596218284,-2.5189655717596247,0.033823280715836575,0.026361828906421386,0.014760320689684912,0.27080983712202,-4.891600231381453,-5.490618598384095,-2.740456794441562,-2.843692096123874,2026.0,8.216785203451382,6.506345011498061,7.31762383321688,0.14633091213779625,2.845829113055911
Guatemala,-0.9761794833191105,-0.8849532250805283,0.017662227275276665,0.01904399047407109,0.008750020825680441,0.27080983712202,-1.861132708399639,-2.326777463124563,-1.241978108411692,-1.1609531560520494,2026.0,50.403553380024,54.862539331588025,52.619474105782295,-0.09122625823858221,-1.804545669775318
Guinea,-0.8499406321009262,-0.8059829805854827,0.018654752960428792,0.019977903889632106,0.009722536943994319,0.27080983712202,-1.6559236126864088,-2.137910047093227,-1.1231054392077626,-1.0886694067868983,2026.0,56.598898632016706,58.79179500329652,57.69387941952853,-0.04395765151544351,-0.8768949903882501
Guinea-Bissau,-1.2577824246788,-1.0801713889012683,0.022655677771340667,0.020900196639474285,0.009884647586984487,0.27080983712202,-2.3379538135800684,-2.84124366877202,-1.5588184874443143,-1.3693093949777735,2026.0,37.623222398240365,45.48218647745267,41.45660627315391,-0.1776110357775318,-3.4099858354390484
Guyana,-1.1776197274592393,-1.5334713217715734,0.019579864757661977,0.020826382950278374,0.009288140202037456,0.27080983712202,-2.711091049230813,-3.1968174253398947,-1.4574758673430157,-1.8220982986831462,2026.0,41.074711934924466,27.129126587384533,33.64927018069488,0.35585159431233415,6.117437470629631
Haiti,-0.7702349239868601,-0.7939935119640453,0.016518426678047097,0.018519674396431426,0.008010290185402313,0.27080983712202,-1.5642284359509055,-2.016151798680841,-1.0272829870260287,-1.0661675327406905,2026.0,60.58172959436017,59.391661874176684,59.986513842629584,0.02375858797718522,0.4748144549848973
Honduras,-0.8734485225216567,-0.8139102127344015,0.0167744262201801,0.01738929987143872,0.008529132648392048,0.27080983712202,-1.6873587352560582,-2.140004253905709,-1.1324807693186925,-1.077647201959946,2026.0,55.43186191707268,58.395514672356,56.91048922416331,-0.05953830978725527,-1.1851698804532766
Hong Kong,-1.5560533394398395,-1.4508117264705087,0.02049785476915211,0.0200495805350644,0.010118581631189104,0.27080983712202,-3.006865065910348,-3.499955721131453,-1.8423947773712162,-1.7340048092607803,2026.0,26.369214773746165,30.04121714585637,28.163700236492218,-0.10524161296933077,-2.0742898033182695
Hungary,-0.43550088706202456,-0.5668970702846994,0.01783226588193124,0.01787923398405873,0.00919106970051234,0.27080983712202,-1.0023979573467239,-1.4675587436003146,-0.7025759018569786,-0.8343235759572578,2026.0,76.90832066120393,70.688011679337,73.84661045754757,0.13139618322267482,2.5690546723236403
Iceland,-0.4895324032918139,-0.7668012934867989,0.018366938696707948,0.016743421323048194,0.00904711302697122,0.27080983712202,-1.2563336967786127,-1.7176560832880843,-0.7605817618721873,-1.025594039312861,2026.0,74.39814712799395,60.75382164736134,67.67852248764473,0.277268890194985,5.039134544535203
India,-1.631680297142324,-1.4578714849118721,0.021687705374355503,0.020961053843943755,0.011107018223663669,0.27080983712202,-3.0895517820541962,-3.5989152894460257,-1.9262152212131751,-1.7474301411039725,2026.0,23.93555037914451,29.784516703311493,26.74680033432486,-0.17380881223045197,-3.342610405266409
Indonesia,-1.1284840833892136,-1.3520047593559918,0.017662141633547943,0.015897720541052523,0.008309374409238407,0.27080983712202,-2.4804888427452054,-2.9285004988126664,-1.3942820640703915,-1.6041770856810866,2026.0,43.26978571089691,33.78848030215338,38.363984397753015,0.22352067596677827,4.194639604609472
Iran,-0.4821131254889445,-0.2348261146418417,0.016266899798307907,0.0230984841200429,0.009643145562475803,0.27080983712202,-0.7169392401307862,-1.2013013982038645,-0.7371966396430969,-0.5387898237917526,2026.0,74.747235028767,85.38807580978175,80.33900266451901,-0.24728701084710283,-4.578392242543965
Iraq,-0.9090025612313253,-0.6187413282622982,0.01610114778161099,0.0171593576497914,0.0079677444347419,0.27080983712202,-1.5277438894936235,-1.971347290296125,-1.1627831576654182,-0.8807287909378347,2026.0,53.67687367788496,68.14460616366623,60.90065213653346,-0.29026123296902706,-5.230450651188429
Ireland,-0.6691248912465753,-0.40512911981688654,0.01994252475871076,0.019916564954541246,0.010049578434370312,0.27080983712202,-1.0742540110634617,-1.563981472339599,-0.951560899989871,-0.6873812408331244,2026.0,65.6432448420744,78.28357894799734,72.1295751930916,-0.2639957714296887,-4.838443194480885
Israel,-0.356841023456317,-0.773369607279694,0.018864216053364646,0.017151082255198524,0.009025638201212724,0.27080983712202,-1.130210630736011,-1.5952550359748596,-0.6315351519218861,-1.0352938883625942,2026.0,80.40939682750432,60.42463741140731,70.77520643141388,0.41652858382337693,6.821141466582349
Italy,-0.19362984356080168,-0.09777124663805499,0.014956456187575538,0.02021360797414517,0.008557118438934945,0.27080983712202,-0.2914010901988567,-0.7487163033269161,-0.4382230257027047,-0.3821203839614882,2026.0,86.92286922421424,90.17006935725794,88.6050863705207,-0.09585859692274669,-1.894023354114339
Ivory Coast,-0.5078985912853092,-0.3944304769894304,0.014295029457615712,0.01887024809736394,0.0076631185185980135,0.27080983712202,-0.9023290682747396,-1.3427448472480896,-0.7470222367712018,-0.6691685202041548,2026.0,73.52849589737478,78.7612499362682,76.18857396389248,-0.11346811429587883,-2.231190997719811
Jamaica,-0.9834436008871901,-0.7406971059982647,0.014765324967213464,0.017145466598166903,0.007512257800153748,0.27080983712202,-1.7241407068854548,-2.1574318661106937,-1.2264689079415252,-1.002578503567217,2026.0,50.05354421333366,62.06244142592303,55.99613728762844,-0.2427464948889254,-4.50631961603343
Japan,-0.1010154219502458,-0.0908050465776381,0.01460821861886776,0.020734062662519568,0.008946182946645065,0.27080983712202,-0.19182046852788392,-0.6532731624182868,-0.3427443496264158,-0.37879159253087924,2026.0,90.0679501773947,90.38745246939155,90.22839669596956,-0.010210375372607702,-0.20417912686193512
Jordan,-0.676448611912782,-0.5755327798783385,0.01672261044808054,0.018148980684530337,0.00848834996715108,0.27080983712202,-1.2519813917911207,-1.70738578819903,-0.9350804772973904,-0.8449690854092029,2026.0,65.27791897220968,70.26703754280987,67.78621757344003,-0.10091583203444354,-1.9913498999245693
Kazakhstan,-0.9541881751301219,-0.9980045390254529,0.020442434278286275,0.016554151835752404,0.008994025849308663,0.27080983712202,-1.9521927141555748,-2.421168780976286,-1.2401422573061682,-1.2553304167428128,2026.0,51.46815121739308,49.3545428804792,50.407563535338376,0.043816363895331056,0.8740908970551807
Kenya,-1.1627431011858673,-0.963841668307364,0.022130051404623218,0.02261321068557182,0.011234790632894195,0.27080983712202,-2.126584769493231,-2.6450935673201665,-1.4602665550823506,-1.264595459209968,2026.0,41.7331898589329,50.99992590426376,46.26693304100643,-0.19890143287850337,-3.7806744131474366
Kosovo,-0.4823250413844055,-0.6361590932221033,0.01974082393111082,0.018415483191720518,0.008346463836306295,0.27080983712202,-1.1184841346065089,-1.5868824044386847,-0.7633291262736528,-0.9075664121486239,2026.0,74.73728241263382,67.28257334888319,71.06016675762386,0.15383405183769777,2.9831420006827676
Kuwait,-1.1658451553371172,-1.2049032916021003,0.020432000063672007,0.018815107974162245,0.009874109877172898,0.27080983712202,-2.3707484469392175,-2.856527523442848,-1.4517262499458514,-1.4792396397163248,2026.0,41.5954386468691,39.88136938710611,40.73364106075048,0.03905813626498311,0.7795776695168006
Kyrgyzstan,-1.1850779021603117,-1.242304002427749,0.023669820220978226,0.020712912660691668,0.010950695926535052,0.27080983712202,-2.427381904588061,-2.9422959740588417,-1.49277788734704,-1.5301436290304227,2026.0,40.74664683802038,38.276566869672976,39.50103448560821,0.05722610026743724,1.1395505712567935
Laos,-2.083679869092802,-2.423653513127854,0.027344395314860298,0.01757619599155912,0.010547639352765016,0.27080983712202,-4.507333382220656,-5.021204455591981,-2.4144026854503085,-2.6888040061808303,2026.0,12.769127022726522,7.580191425876881,9.885186380640398,0.33997364403505204,5.914851260844284
Latvia,-1.1727514181041838,-1.1011241371717635,0.021569041265542994,0.01733722561270844,0.009843989893118325,0.27080983712202,-2.2738755552759473,-2.7580005253590367,-1.4664794641981378,-1.3644659349381525,2026.0,41.28959868871684,44.516388684693894,42.88805249678831,-0.07162728093242032,-1.4228258928920057
Lebanon,-1.3641530540682358,-1.0959452901301179,0.01689914230592238,0.019494595201841262,0.008638045376892733,0.27080983712202,-2.4600983441983537,-2.9234333342932057,-1.6241464563377732,-1.3751913837596708,2026.0,33.31236225306225,44.75422338290468,38.79836938335488,-0.26820776393811796,-4.902698628634966
Lesotho,-1.4291324236657832,-1.1199997772531292,0.026613021530883758,0.019531378475873943,0.01137288054924905,0.27080983712202,-2.5491322009189123,-3.074070906313193,-1.7554023826315681,-1.3995091937376114,2026.0,30.838771294866383,43.654553146708366,36.9220924996313,-0.30913264641265403,-5.499190703635929
Liberia,-1.206445103724305,-1.131881928351341,0.024348331159094603,0.02098218356333609,0.010662281975309542,0.27080983712202,-2.3383270320756457,-2.8546799295132406,-1.5185241396052471,-1.4215864920940344,2026.0,39.81449544574588,43.116154577281954,41.44834133453854,-0.07456317537296386,-1.4803063942017998
Libya,-1.062992655301513,-0.929978803300047,0.022071452279069363,0.02193206221659474,0.010790828906531647,0.27080983712202,-1.99297145860156,-2.5051635019162815,-1.3601219354411138,-1.226168352181129,2026.0,46.28092097064581,52.6482075109687,49.427288402812444,-0.13301385200146598,-2.5992475106457267
Liechtenstein,-2.114523678831566,-1.6575310885595333,0.028645569136959776,0.014496469466953047,0.009283144772933166,0.27080983712202,-3.772054767391099,-4.268877988063318,-2.453023718045506,-1.8983336588693458,2026.0,12.198592862815694,23.142765323263724,16.97433303404876,-0.45699259027203243,-7.230395230097033
Lithuania,-1.2476369401512042,-1.0631660606037379,0.0226738930997814,0.016400403752511977,0.009457613179369238,0.27080983712202,-2.310803000754942,-2.792423279443586,-1.5487939961853034,-1.319294182859081,2026.0,38.050738963458585,46.27282818014593,42.06013145353897,-0.18447087954746633,-3.5306573334600926
Luxembourg,-1.0631462004855488,-0.9510321219951959,0.02383592091271347,0.017704980202235585,0.010158429386066653,0.27080983712202,-2.0141783224807446,-2.511602728343916,-1.371923925800789,-1.2171522467677174,2026.0,46.27375501700407,51.621525597132155,48.9202465825369,-0.11211407849035282,-2.205442922788094
Macau,-2.675089858554208,-2.718942062882725,0.04025527492618376,0.02880617060667436,0.017903398859776046,0.27080983712202,-5.394031921436933,-6.041699253490697,-3.0763642032421474,-3.058389676553373,2026.0,5.037293251682673,4.682223054609769,4.8568298383482755,0.043852204328517,0.8748022245924858
Madagascar,-1.0341166517664164,-1.060304773396285,0.022449338283220314,0.020096427255269337,0.010613082132011932,0.27080983712202,-2.094421425162701,-2.599483519572937,-1.3337787166543185,-1.3438285096531941,2026.0,47.636855158491265,46.40644152552413,47.01997773822729,0.0261881216298685,0.523284016820849
Malawi,-1.3133596051288297,-0.9990672674262587,0.022803198601449023,0.02085496827929894,0.011437739588728766,0.27080983712202,-2.3124268725550885,-2.8283092082023,-1.6153741650523474,-1.2878922544291074,2026.0,35.33118837835627,49.303665296092056,42.023909908101146,-0.3142923377025709,-5.570768848810362
Malaysia,-1.2862178018670989,-1.473432129205686,0.01562955070035709,0.017885804907638334,0.008116697626309092,0.27080983712202,-2.7596499310727847,-3.2057384911619833,-1.5362542048196057,-1.7409077722660464,2026.0,36.439876777408074,29.223967909109284,32.704462095459306,0.18721432733858712,3.5785932328398085
Maldives,-2.010532824961407,-2.2024386803621168,0.02545446662148214,0.022163934373491526,0.012436224984701271,0.27080983712202,-4.212971505323524,-4.751454006299651,-2.3296219449356372,-2.5001898138510863,2026.0,14.211776227595752,10.68904225677021,12.345170288017403,0.1919058554007096,3.66013136043204
Mali,-0.659163027829687,-0.37128848361892025,0.016734002696996146,0.021827086430076796,0.009321718055695847,0.27080983712202,-1.0304515114486072,-1.5088008617710034,-0.917882974466943,-0.6667683403271352,2026.0,66.13956698393942,79.78165471999607,73.17946354429807,-0.2878745442107668,-5.195689173313829
Malta,-1.3319803505581833,-1.1936405962159504,0.025719492952614102,0.0171480859690962,0.010405189821512872,0.27080983712202,-2.5256209467741337,-3.0303107864370142,-1.6527263120455518,-1.4555419972744112,2026.0,34.582540897288496,40.37171046571755,37.41237542914916,-0.1383397543422329,-2.6982911401565794
Martinique,-1.2280373189861697,-1.232801475764713,0.02778005193362831,0.025837656139326266,0.013577954067085621,0.27080983712202,-2.4608387947508827,-3.029252785455284,-1.5613842969753413,-1.554283395252116,2026.0,38.88441130328958,38.68083263633517,38.78254736038696,0.004764156778543249,0.09528025212969349
Mauritania,-1.2772361167359598,-0.9440354555426488,0.02403053714717622,0.019905105613575114,0.010297163667337031,0.27080983712202,-2.2212715722786087,-2.7293265696772187,-1.5872718382080264,-1.226206365549865,2026.0,36.81126207426807,51.96204750904882,44.08110748771249,-0.33320066119331104,-5.826076944311579
Mauritius,-1.584298305480308,-1.5216093944904288,0.026734432544255192,0.019841578042445566,0.01065530773889288,0.27080983712202,-3.1059076999707367,-3.627008941821057,-1.9113116541023798,-1.8033296674027315,2026.0,25.44027773180315,27.534429342094203,26.4726097628072,-0.06268891098987917,-1.2472496374360085
Mexico,-0.31967306509390636,-0.12788022007656755,0.015299269522899206,0.018782944067863776,0.00888418232177093,0.27080983712202,-0.4475532851704739,-0.90296772602322,-0.5670534970031357,-0.40198198269668484,2026.0,81.98941361375293,89.20094459087395,85.80751766907139,-0.19179284501733881,-3.6581737809660275
Moldova,-1.3386345232329877,-1.2651262292671615,0.023858388744894588,0.017087254751518954,0.0101538636332368,0.27080983712202,-2.603760752500149,-3.0987491190821816,-1.6475577418158232,-1.5265626823605964,2026.0,34.317398946632196,37.31549649315136,35.797582638430704,-0.07350829396582625,-1.4596646638825959
Mongolia,-2.2370316717556795,-2.206892297583089,0.03575429186667503,0.027715156214981683,0.016331045900967647,0.27080983712202,-4.443923969338769,-5.064025702552254,-2.6152077781752947,-2.53984968954177,2026.0,10.140329411021797,10.617005229263954,10.376323330664627,-0.030139374172590383,-0.6020584613691853
Montenegro,-0.8507215710265481,-0.9281073424047562,0.020035448488776687,0.01910013058957137,0.00948570222010662,0.27080983712202,-1.7788289134313042,-2.260936716805451,-1.1338148311990692,-1.2045137865378217,2026.0,56.5600561123012,52.739758771048905,54.64212490249671,0.07738577137820812,1.5354745914504189
Montserrat,-1.6767566752943488,-1.9311513445033572,0.02905140788617508,0.019887890783243944,0.008462095334816,0.27080983712202,-3.607908019797706,-4.12118568087035,-2.017646146449884,-2.213200211072567,2026.0,22.565970196242112,15.926824253713201,19.02033905238981,0.25439466920900844,4.690013736101398
Morocco,-0.2895378197483424,0.1350793445401974,0.012207140321700512,0.020870627666017137,0.007059776053695571,0.27080983712202,-0.154458475208145,-0.5889573594189508,-0.5105096760712734,-0.15385405723963932,2026.0,83.23118056464439,95.98750584093403,90.80361187861796,-0.4246171642885398,-6.906692537914828
Mozambique,-1.1212274457013154,-1.0283091046328934,0.02097311648369547,0.018592447548668237,0.009582588472215452,0.27080983712202,-2.1495365503342088,-2.634225072900174,-1.410869407327703,-1.3010173556900861,2026.0,43.59877627298489,47.91149706754383,45.732749624506006,-0.092918341068422,-1.8372652053776009
Myanmar,-1.9016533218445983,-2.1169054195431647,0.023828957282848326,0.017307390842652468,0.010294536964030345,0.27080983712202,-4.018558741387763,-4.515450770116587,-2.2103859393818346,-2.3800205338384286,2026.0,16.60549510094048,12.155442360420688,14.237626654136992,0.21525209769856635,4.05742586034199
Namibia,-1.1769220415295012,-1.0187295776557181,0.021135918047277043,0.01960758486437947,0.009987684632337408,0.27080983712202,-2.1956516191852193,-2.6884756128232374,-1.4676859873500039,-1.2987837500179915,2026.0,41.105471838443194,48.36588108411829,44.667794371895795,-0.15819246387378305,-3.0623450590607475
Nepal,-2.174273595003488,-1.8736631740818217,0.025874441823959437,0.01741062951654409,0.010075891749668957,0.27080983712202,-4.04793676908531,-4.55167024956816,-2.4959842838154045,-2.1375618631012565,2026.0,11.154337118251966,17.270811566746126,13.937115429874192,-0.30061042092166645,-5.379177212664833
Netherlands,0.11778393833175065,-0.10871469879531616,0.012966268738769778,0.018399617116590508,0.00742869712853628,0.27080983712202,0.009069239536434487,-0.4209227609120987,-0.10995511180036681,-0.3800050754516989,2026.0,95.65874886531891,89.82335779203126,93.09691321184476,0.2264986371270668,4.2435964940289574
New Caledonia,-1.4093486818962402,-1.5537451772004305,0.026029121816366196,0.028342116783801177,0.01349828905014891,0.27080983712202,-2.963093859096671,-3.5335947502457214,-1.7320195471218827,-1.890447519240406,2026.0,31.578749258418725,26.446184689589792,28.934516402475975,0.1443964953041903,2.810235033840958
New Zealand,-0.7661961373028768,-0.6498772218683418,0.018833141671226343,0.023225580928550794,0.009540037762302743,0.27080983712202,-1.4160733591712187,-1.9105985784447461,-1.0406639253671692,-0.9546760468565678,2026.0,60.78415356613598,66.60151225469708,63.69881518058123,-0.11631891543453499,-2.2852992219221107
Nicaragua,-1.2304652316695344,-1.2119021095358349,0.021650447328338228,0.020443260297192834,0.009740506338612134,0.27080983712202,-2.4423673412053692,-2.938652421790129,-1.5247470512122185,-1.4978619689370651,2026.0,38.780588827355224,39.57829552242432,39.178320329551255,-0.018563122133699483,-0.3710919591473284
Niger,-1.0332702705155925,-1.022039230572622,0.024436365807623452,0.019385097566315103,0.010386538667528094,0.27080983712202,-2.0553095010882148,-2.563618622426775,-1.3459129790991988,-1.3004999823227752,2026.0,47.67684162010903,48.20870509681615,47.942481233852405,-0.011231039942970478,-0.22458302937917649
Nigeria,-0.493881471500694,-0.31122686821947326,0.014591743515033983,0.018657124815970785,0.007621666741525513,0.27080983712202,-0.8051083397201673,-1.2455272394692847,-0.735474050153549,-0.584409040521919,2026.0,74.19291191383157,82.34111658037845,78.39887776318444,-0.18265460328122074,-3.4988192882593268
North Korea,-1.1609625846053133,-1.0337394874091377,0.023660032101696135,0.021425923018896675,0.011064472379206148,0.27080983712202,-2.1947020720144508,-2.713218802232503,-1.4685989420255385,-1.3264914166522883,2026.0,41.81236168261331,47.65467225665684,44.68960779949352,-0.12722309719617564,-2.49093577343828
North Macedonia,-0.6966477741204933,-0.7381698256286516,0.01796501741734699,0.018330550191843268,0.009145394398806928,0.27080983712202,-1.4348175997491448,-1.902092064734357,-0.9647150598332187,-1.0089505501408906,2026.0,64.2686987407392,62.18913127283496,63.22950095813267,0.04152205150815835,0.8285372849892879
Northern Ireland,-0.7507421888893775,-0.519257247425368,0.021133247254756387,0.019820758433150478,0.010313702067117148,0.27080983712202,-1.2699994363147455,-1.7663114745412676,-1.0414877632650257,-0.8008296781294444,2026.0,61.55885693679943,72.98693585000886,67.3400508614119,-0.23148494146400944,-4.325016529663005
Northern Mariana Islands,-2.954746444812268,-3.3466291640121195,0.06515126302164112,0.03038148927764594,0.0179344562666446,0.27080983712202,-6.3013756088243875,-7.026362959976327,-3.465241353784497,-3.695234897055315,2026.0,3.133402232328919,1.561006600436643,2.2211690800728823,0.3918827191998515,6.548626605992074
Norway,0.03073714626835608,-0.17653162740160286,0.01582939597276953,0.020214742401929033,0.008723381683241539,0.27080983712202,-0.14579448113324678,-0.608356484506553,-0.22089270865962765,-0.46088874373195976,2026.0,93.7532936436748,87.53605878215691,90.93431482305648,0.20726877366995894,3.923186558964219
Oman,-1.1076010432340404,-0.7824860849101954,0.018159021329566413,0.019301391611401642,0.009652135933682771,0.27080983712202,-1.890087128144236,-2.36659393736456,-1.3771118692100401,-1.0603449815566885,2026.0,44.21976891452098,59.96788651754461,51.91294128622408,-0.32511495832384496,-5.718247241227868
Pakistan,-2.1490745706511474,-1.991706562320857,0.0345176377229552,0.02132405065938385,0.012373213763311871,0.27080983712202,-4.140781132972005,-4.708542054166702,-2.5206530292461267,-2.283761698617987,2026.0,11.585118217264068,14.60413487645862,13.021745760882009,-0.1573680083302904,-3.0473947543021493
Palestine,-1.0027351846275807,-0.875314193127639,0.021347138852915785,0.020522542057045286,0.010481773030943862,0.27080983712202,-1.8780493777552199,-2.379380513719659,-1.2949483866080236,-1.1618280116917374,2026.0,49.12821384765309,55.339450590223095,52.206336480657576,-0.12742099149994168,-2.4946477159925893
Panama,-0.6098496108056363,-0.6054595444113127,0.01485712944271989,0.016334271275111497,0.007678219670875641,0.27080983712202,-1.215309155216949,-1.6468081242056718,-0.8536292608400056,-0.8610707435017398,2026.0,68.58336311083337,68.7996351183888,68.69152913839618,-0.0043900663943236,-0.08779907173317052
Papua New Guinea,-1.7571245115696807,-1.963210464681638,0.024669880178854478,0.024676846522214496,0.010378679971167582,0.27080983712202,-3.7203349762513187,-4.249878502860432,-2.0712574781863955,-2.277387780999761,2026.0,20.271709274378257,15.214912121839141,17.599129570628058,0.2060859531119572,3.903152643154655
Paraguay,-0.4107856292883409,-0.22037775408009944,0.021305512932592578,0.0188233104292942,0.010185504283014806,0.27080983712202,-0.6311633833684404,-1.1230976551077303,-0.7027137912226947,-0.4947738942081573,2026.0,78.02956732331245,85.935407577618,82.1601301069323,-0.19040787520824146,-3.6341569085065295
Peru,-0.5444123687288779,-0.3241877908121354,0.020990354472803306,0.01964631734249502,0.010889421354832719,0.27080983712202,-0.8686001595410133,-1.368262103358886,-0.8341733355467245,-0.604518433750042,2026.0,71.7782594067839,81.80027589662333,76.96321262511395,-0.2202245779167425,-4.140166774999845
Philippines,-1.5169024071313337,-1.5493890680890594,0.02032784035699973,0.020726228811074887,0.010240645863615555,0.27080983712202,-3.0662914752203934,-3.5624179143276264,-1.8020538781568203,-1.837321204614838,2026.0,27.69643044486394,26.591882886210485,27.140194867470456,0.03248666095772568,0.6488204704227828
Poland,-0.3335314703193413,-0.5331383498234746,0.01590826732773404,0.017747352913758063,0.008548242658635904,0.27080983712202,-0.866669820142816,-1.3172343795957935,-0.5857874302309679,-0.7995767322968568,2026.0,81.40634796953091,72.32149063057867,77.00730296370006,0.1996068795041333,3.792760230780601
Portugal,0.15453157332480139,0.09193951622640588,0.013074646932678879,0.02005757563342264,0.007912283141433213,0.27080983712202,0.24647108955120728,-0.19605253173456288,-0.07415727146373549,-0.1913100248741766,2026.0,96.33790097456826,95.13693224989383,95.76413490211789,0.0625920570983955,1.2453426473528926
Puerto Rico,-1.4696301957069156,-1.615021459314288,0.021316397506812235,0.02493785397750826,0.010016897040169665,0.27080983712202,-3.0846516550212035,-3.599580953331796,-1.7616329183436212,-1.930855934807438,2026.0,29.36025894568185,24.45695596368016,26.82933697960419,0.14539126360737242,2.828548915523097
Qatar,-0.8624011593441642,-1.0087308765280494,0.01574624747485562,0.016948839413587095,0.008244141978533686,0.27080983712202,-1.8711320358722134,-2.314678519774454,-1.1133692646870992,-1.2691062932907469,2026.0,55.97971559724755,48.84191594207912,52.37515590361503,0.1463297171838852,2.845807149487758
Romania,-0.538082403261745,-0.4792960312158135,0.01606807181312754,0.019753712172182195,0.008842263753067415,0.27080983712202,-1.0173784344775585,-1.4800070608786688,-0.7916021998309876,-0.7603918310576624,2026.0,72.08356070260639,74.87943585465631,73.49088982942979,-0.058786372045931456,-1.1703397320663727
Russia,-0.2754071027958019,-0.33681552222958006,0.022683163225175378,0.029584175725276936,0.014768535963774183,0.27080983712202,-0.6122226250253819,-1.184252032933754,-0.5766257159336714,-0.6808165438866498,2026.0,83.80064022828314,81.26710601774157,82.55275808078315,0.06140841943377817,1.2220302005341463
Rwanda,-1.1880540249330245,-0.9252575620556184,0.023822618112751853,0.02212360781467061,0.011398705940617733,0.27080983712202,-2.113311586988643,-2.637691746066608,-1.496745573976738,-1.222737697961669,2026.0,40.61612216552375,52.87925584252113,46.57707638841951,-0.2627964628774061,-4.820051003896454
Saarland,,,,,,,,,,,,,,,,
Samoa,-2.495866094826689,-2.791193832845651,0.029877674474141882,0.01937104812348309,0.008222730091699607,0.27080983712202,-5.28705992767234,-5.799677456756253,-2.841569288182735,-3.06955365842027,2026.0,6.7534139198873415,4.1463145846613925,5.307659309562663,0.29532773801896184,5.303668691190209
San Marino,-2.4454529241436065,-1.8176354245426511,0.04056239228795783,0.014382607794158122,0.009761695418122782,0.27080983712202,-4.263088348686257,-4.808866292243384,-2.8482550705527725,-2.05749044570467,2026.0,7.321677468637821,18.666391801205496,11.893043020023653,-0.6278174996009553,-8.498562436916664
Sao Tome and Principe,-1.528052689679331,-1.7460859349113822,0.036072720160565584,0.017799976866356242,0.009137188446914713,0.27080983712202,-3.274138624590713,-3.811342771710786,-1.9079090844422233,-2.0129190427998616,2026.0,27.313748169312845,20.575762424166,23.768646450971474,0.21803324523205125,4.103786660990612
Saudi Arabia,-0.8492938656683419,-0.6152683926190528,0.015097812682544183,0.015867693623615908,0.007432856896290803,0.27080983712202,-1.4645622582873945,-1.89272680655706,-1.0950401794355615,-0.8672024603718353,2026.0,56.6310711956959,68.3160875189421,62.48429883202136,-0.2340254730492891,-4.366231714624655
Scotland,-0.34979260625586633,-0.3764944204709137,0.01762884723768913,0.01806855571854694,0.008783461186309698,0.27080983712202,-0.72628702672678,-1.1878683319325063,-0.6153399446924557,-0.645333076311527,2026.0,80.71295795426873,79.5536787191381,80.1364558740569,0.02670181421504736,0.5335291816312825
Senegal,-0.40200926036921175,-0.16691885779347723,0.014139738505632982,0.01953097179715055,0.007795724002337584,0.27080983712202,-0.568928118162689,-1.0128297212571526,-0.6398305252353543,-0.44642536431631685,2026.0,78.4232503727087,87.87448190104902,83.43661339658013,-0.23509040257573452,-4.383453904500614
Serbia,-0.3505731378242713,-0.4977209093062614,0.016619275504984387,0.018533230074137545,0.008820924933401916,0.27080983712202,-0.8482940471305327,-1.3078344934284654,-0.6084046758872816,-0.7699945222336808,2026.0,80.67943045697665,74.01136245634206,77.42566240860812,0.1471477714819901,2.8608362025310736
Seychelles,-2.1392438200134505,-2.1613159230910695,0.031585446690265265,0.015831972836945117,0.009769076675322022,0.27080983712202,-4.30055974310452,-4.818075241917278,-2.4946897185142785,-2.41296625857223,2026.0,11.756956095302007,11.374120722418802,11.564197025204049,0.022072103077618976,0.4411555372337257
Sierra Leone,-1.168596852543669,-0.9432155329546905,0.02465628644339172,0.022746015681449974,0.01108793284589836,0.27080983712202,-2.1118123854983595,-2.6393658626611525,-1.4826432595818118,-1.244851178603211,2026.0,41.47344153841273,52.00199737480338,46.61216242037477,-0.22538131958897845,-4.225256938290999
Singapore,-1.5950780537711162,-1.7405096564782778,0.021369816111395025,0.019154890624628017,0.01049930191160279,0.27080983712202,-3.335587710249394,-3.8316655692966552,-1.8874464249154315,-2.017312045374241,2026.0,25.09204910446585,20.73068778829642,22.83351209564377,0.1454316027071616,2.829291132461585
Sint Maarten,-1.8649486993712676,-2.215116570742873,0.037448150984132685,0.023024080105057226,0.010307700716285135,0.27080983712202,-4.08006527011414,-4.6495830750044185,-2.25197919421183,-2.5185903264784044,2026.0,17.482249706721653,10.485068154006694,13.614496464647852,0.35016787137160543,6.045808430866606
Slovakia,-0.553885547878225,-0.5622416465363956,0.017172757692630623,0.018721458211518133,0.009091425903031828,0.27080983712202,-1.1161271944146205,-1.5812167243342368,-0.8159752858889348,-0.835894406153529,2026.0,71.31999001851904,70.9144555943895,71.11737189654863,0.008356098658170663,0.16710641598283027
Slovenia,-0.6058522530129045,-0.4185515871189784,0.018726861236040164,0.019318740727997847,0.009610531466652642,0.27080983712202,-1.024403840131883,-1.5030129286262126,-0.8795444979599629,-0.6965353328883873,2026.0,68.78029856725672,77.6792210284296,73.32364469479735,-0.18730066589392608,-3.5800987748998905
Solomon Islands,-1.7204315776370251,-2.0090847084654047,0.022191239133131667,0.022638454888725033,0.010590526903537375,0.27080983712202,-3.72951628610243,-4.24336742341335,-2.0183660612614065,-2.3100063254271976,2026.0,21.2959397082521,14.241644718593749,17.486896113346784,0.2886531308283795,5.207048088345111
Somalia,-1.9252801604702585,-1.5378733095893593,0.04978837228095358,0.02087285029289769,0.012472802124803282,0.27080983712202,-3.463153470059618,-4.0815605425400605,-2.3715463244618995,-1.8268220960058985,2026.0,16.060084539128137,26.979792881007715,20.98073597600507,-0.3874068508808992,-6.497198216286419
South Africa,-0.7673526236947664,-0.5821370174108303,0.016233887630914996,0.01946061801060539,0.008558254915816677,0.27080983712202,-1.3494896411055968,-1.809102589022227,-1.022177172205423,-0.8611396554672143,2026.0,60.726188052793376,69.94431330524415,65.36293965201739,-0.18521560628393607,-3.543688321518395
South Korea,-0.44829854956073906,-0.2863248974861016,0.01665759265624704,0.021688503536217204,0.009802958066899781,0.27080983712202,-0.7346234470468407,-1.216087930996649,-0.7064271427560458,-0.5808652413184344,2026.0,76.320775071132,83.36139388289689,79.95517421565587,-0.16197365207463743,-3.1307172150414333
South Sudan,-1.6461702720355502,-1.4252306705385813,0.030082958254894595,0.017952884623515,0.009081482115685983,0.27080983712202,-3.0714009425741313,-3.5859835194644942,-1.9930590626004492,-1.6932074204518153,2026.0,23.488736453581318,30.983793408952277,27.053431847111465,-0.2209396014969689,-4.152008986082457
Spain,0.28098430786296397,0.20188849888858,0.012600693377759094,0.01993519340470063,0.0076156817104238985,0.27080983712202,0.482872806751544,0.04575840431983497,0.0564786876414729,-0.08049558993159864,2026.0,98.1394786037,97.10704789039859,97.66129938337997,0.07909580897438398,1.5688513405967572
Sri Lanka,-2.1570170015239074,-2.040964112093766,0.0272049213239053,0.019537927951429057,0.010808506044572815,0.27080983712202,-4.197981113617674,-4.720895490411734,-2.4868952901329355,-2.320520388728214,2026.0,11.447844651665484,13.595981182082573,12.4831814684206,-0.11605288943014136,-2.2802559581855335
St Kitts and Nevis,-1.779189886516596,-2.015311750915144,0.02140092085765409,0.02045762262504586,0.00969468667761519,0.27080983712202,-3.7945016374317397,-4.2894679669448905,-2.0717709580687664,-2.301372042637332,2026.0,19.67435010189216,14.113573813353364,16.708754590388263,0.23612186439854788,4.400104221580782
St Lucia,-1.7136042609917137,-1.9812105128432425,0.026545483439488492,0.023925681459564082,0.011935030031142508,0.27080983712202,-3.694814773834956,-4.240126519394641,-2.039459955675655,-2.2905690844688826,2026.0,21.490805269104396,14.826721547028509,17.91410521426483,0.26760625185152875,4.893554641632597
St Vincent and the Grenadines,-1.397921940025626,-1.8862965273571684,0.020305829273858166,0.018435515480998924,0.008613672351973065,0.27080983712202,-3.2842184673827943,-3.757372520345688,-1.6829189875461794,-2.1578514240613074,2026.0,32.01140753369182,16.967924938793843,23.613334622271708,0.4883745873315424,7.516552008685641
Sudan,-1.2360035711524058,-0.9589482645754849,0.02002451538902689,0.015846871444556505,0.007986377133227182,0.27080983712202,-2.1949518357278905,-2.6503380063568973,-1.5190195805160238,-1.2107169794274815,2026.0,38.544338938260324,51.23709946076125,44.68386963915546,-0.2770553065769209,-5.035946886714257
Suriname,-0.9703637307087106,-1.0516135816262622,0.019594805735034134,0.019037083862767,0.008449877101692243,0.27080983712202,-2.0219773123349727,-2.4932803732254603,-1.2503266263576458,-1.3275634601387702,2026.0,50.68437656925493,46.81329841092803,48.73426853798725,0.08124985091755155,1.6108431921326607
Sweden,-0.24699324547387025,-0.4730972228528794,0.01631139726684323,0.018582481986418844,0.008684625671475816,0.27080983712202,-0.7200904683267497,-1.1773130862984056,-0.5024254068540945,-0.7457323782266414,2026.0,84.91977766827769,75.16964593013388,80.27080869505279,0.22610397737900917,4.237122547255373
Switzerland,-0.09724198165221958,-0.1990543723884857,0.015289643232428318,0.01825680373629842,0.00835762138875774,0.27080983712202,-0.29629635404070526,-0.7446787343646525,-0.3445445755118742,-0.46928985293312786,2026.0,90.18667622618464,86.7253643870279,88.52197142729541,0.10181239073626612,2.008563852763797
Syria,-0.9914334393688352,-0.899242657883991,0.017775578957434722,0.019707797205371462,0.009533605814614664,0.27080983712202,-1.8906760972528263,-2.3662834470363867,-1.258083614372976,-1.1800115821286195,2026.0,49.66955438067405,54.15728601163919,51.89859925017277,-0.09219078148484416,-1.8232014455657362
Tahiti,-1.8359626641022422,-1.7698230320709878,0.02368721434536554,0.026233413195086652,0.011185892115995728,0.27080983712202,-3.60578569617323,-4.1435306609007245,-2.143775687513309,-2.0937576748314473,2026.0,18.20040201078784,19.92624030784549,19.048010495969248,-0.06613963203125439,-1.3151309393507618
Taiwan,-1.853754785322036,-2.1320804629547183,0.02601004205428564,0.018210077599377945,0.010178742658678479,0.27080983712202,-3.9858352482767545,-4.494077729661459,-2.176307367418572,-2.4019699040181135,2026.0,17.756868224398737,11.883521519434693,14.578629801559352,0.27832567763268234,5.054886518379575
Tajikistan,-1.2856051093636471,-1.2230697775676844,0.019671355990872844,0.022666776734397043,0.010397100580019343,0.27080983712202,-2.5086748869313316,-3.011197857094124,-1.566114331963353,-1.5241795697325826,2026.0,36.46514045400946,39.09731490672694,37.76807885978097,-0.06253533179596271,-1.2442257203367657
Tanzania,-1.2393450079512882,-0.9141284734485068,0.019630848531992144,0.017811288210862003,0.008781943946277055,0.27080983712202,-2.153473481399795,-2.6225407458103835,-1.5195652679753782,-1.181046350038757,2026.0,38.40219474308657,53.4250031343046,45.64139374732036,-0.32521653450278143,-5.719614331255485
Thailand,-1.0932359430464331,-1.1975191673324979,0.01577385424579984,0.01969427778100353,0.009080292930089625,0.27080983712202,-2.2907551103789308,-2.7539126122591555,-1.3444239542714902,-1.4781917722016125,2026.0,44.87888021147175,40.202486485434676,42.50860940759333,0.10428322428606474,2.0559394837443206
Timor-Leste,-2.2832946541237065,-2.465249662569599,0.03324680552582361,0.016643796314315916,0.009460758495792046,0.27080983712202,-4.748544316693305,-5.273185599215844,-2.6479687855112983,-2.723271338514206,2026.0,9.444432259421799,7.093678205528353,8.195648145494172,0.18195500844589274,3.486534236521969
Togo,-1.091358212993231,-0.9844778600143606,0.023694167228483446,0.022003899902072206,0.011551850561700664,0.27080983712202,-2.0758360730075918,-2.600437896313447,-1.399216409106204,-1.2811520914674626,2026.0,44.96536735264599,50.003779143062644,47.45742937841003,-0.10688035297887055,-2.105632988614859
Tonga,-3.007580015008614,-3.177038602353181,0.046906455056340265,0.03014218758108156,0.016870464823099285,0.27080983712202,-6.184618617361795,-6.850319968670685,-3.4407379772179687,-3.5242687138416957,2026.0,2.8583014247785865,2.1193044011949436,2.4632506400426135,0.1694585873445673,3.265103507112312
Trinidad and Tobago,-1.0793460260464813,-1.2082971072803523,0.01676898899727767,0.016074929875025283,0.007885787128897407,0.27080983712202,-2.2876431333268337,-2.728621559693012,-1.3383362883906682,-1.4618710008500595,2026.0,45.52042221694482,39.73424792438972,42.57843908474841,0.128951081233871,2.523323098712957
Tunisia,-0.705740292427251,-0.511881260543611,0.014501202627626827,0.01851359258916928,0.007866678807800774,0.27080983712202,-1.217621552970862,-1.659201230186187,-0.9465821710748552,-0.7840105870717843,2026.0,63.813763683432946,73.33892280160987,68.63456182385427,-0.19385903188363995,-3.693913247905055
Turkey,-0.20468093902015308,-0.4090267083305859,0.015347358132125934,0.01684924778757635,0.00778853506408315,0.27080983712202,-0.613707647350739,-1.0508514499963608,-0.4524498485477686,-0.6686360131528619,2026.0,86.51901220488917,78.10866028514651,82.52210360287626,0.20434576931043283,3.873611157070197
Turkmenistan,-1.431136571561242,-1.5023366559814733,0.025168613500643172,0.02320533033216717,0.011585328554562242,0.27080983712202,-2.9334732275427156,-3.4684296778896004,-1.7484289509254063,-1.807002573551307,2026.0,30.76445563182826,28.20195571581745,29.464277137033168,0.07120008442023118,1.4144539131314493
Turks and Caicos Islands,-2.651917535227385,-2.9992143951656915,0.03911588501953718,0.024170547786176468,0.011891699730836772,0.27080983712202,-5.651131930393077,-6.241283884612962,-3.0474722597322867,-3.3101519952476144,2026.0,5.234560181600156,2.900323161873708,3.9114775774850674,0.3472968599383064,6.009249817040586
US Virgin Islands,-2.714361196308518,-2.7474456958121105,0.03918859716545788,0.02437744148711706,0.012542046111332836,0.27080983712202,-5.461806892120629,-6.057290328918801,-3.110283396572448,-3.0597112333734433,2026.0,4.718226412962445,4.463728513786258,4.589380950469446,0.03308449950359238,0.6607259778816503
USA,-0.2380716756285662,-0.4218341076216588,0.015148571687196393,0.019506101782924626,0.008928873192928661,0.27080983712202,-0.659905783250225,-1.1182175542357773,-0.48423074360857293,-0.7011626008544447,2026.0,85.2638122439584,77.53058636816303,81.55761370719779,0.18376243199309258,3.518248419465478
Uganda,-1.1349555530837971,-0.7639373249309339,0.01956666044761587,0.020620739672395413,0.009914976268593088,0.27080983712202,-1.8988928780147312,-2.388861663376401,-1.414717312068944,-1.0511357906120402,2026.0,42.977412731327426,60.89737491138996,51.69863879296746,-0.3710182281528632,-6.303739641106638
Ukraine,-0.3776515803775721,-0.3729325403019928,0.017508497037843112,0.0182902245832594,0.008841597652875366,0.27080983712202,-0.7505841206795649,-1.2131072743782885,-0.6422909352577042,-0.6434152538587701,2026.0,79.50287921474634,79.70975931475385,79.60641426235405,-0.004719040075579328,-0.09437799921398685
United Arab Emirates,-0.7970389668913335,-0.7892428750405506,0.01473446995012533,0.01636945767620677,0.007250419836227856,0.27080983712202,-1.586281841931884,-2.013387296351693,-1.039810216837659,-1.0451292379144386,2026.0,59.23923615626616,59.62949646950164,59.43434017119984,-0.007796091850782894,-0.15590920253652973
Uruguay,-0.16667790589656636,-0.06549679544096124,0.016902489525593877,0.020238383664787144,0.009566664312179089,0.27080983712202,-0.2321747013375276,-0.7066183831997237,-0.4266970553882442,-0.35002014186291763,2026.0,87.8829057043223,91.15524348907415,89.58620591787756,-0.10118111045560513,-1.9964445386499339
Uzbekistan,-0.6367072217667045,-0.6207372824388291,0.01697328304057301,0.01920891113986082,0.008860346013312405,0.27080983712202,-1.2574445042055336,-1.7217844064627428,-0.8972703276782898,-0.8979297148020581,2026.0,67.25539454888035,68.04599025597273,67.65102818212114,-0.015969939327875382,-0.31929021867971313
Vanuatu,-1.8080406517786667,-2.0812785414527712,0.02780213330596828,0.024376618192802596,0.012088500006315924,0.27080983712202,-3.889319193231438,-4.4419700830756605,-2.1415200862628234,-2.3935388059297145,2026.0,18.91406777446131,12.81446843550549,15.623626094884436,0.27323788967410456,4.978742235755404
Venezuela,-0.36358436248902304,-0.41410452167348283,0.020076478558503967,0.018690905196491477,0.009886586106220636,0.27080983712202,-0.7776888841625058,-1.2615919982977084,-0.6469673440422841,-0.6875338924184082,2026.0,80.11731150356268,77.88006745723024,79.00918742133753,0.05052015918445979,1.0069787161795536
Vietnam,-1.2585957447282246,-1.2651651166542444,0.016728205227419437,0.020297724818143216,0.00933703181237856,0.27080983712202,-2.5237608613824687,-2.9957777834109898,-1.5172708709187375,-1.5501052845361576,2026.0,37.58907017146589,37.31387089401355,37.451324412315316,0.006569371926019807,0.1313798787205774
Wales,-0.48560450615841005,-0.39090415973645737,0.017545058369051226,0.02028093712384352,0.009501286498624405,0.27080983712202,-0.8765086658948674,-1.3532835330602564,-0.7505200275538257,-0.6757264701255385,2026.0,74.5831243891752,78.9178850398497,76.78229805703505,-0.09470034642195269,-1.871679584792729
Yemen,-1.4264608491259636,-1.3620270814448767,0.02160619907157808,0.020256821295392913,0.009868625267038156,0.27080983712202,-2.7884879305708403,-3.284875967900699,-1.7204417945736445,-1.6466800020017747,2026.0,30.938020894227126,33.39537591422705,32.15148540669717,-0.06443376768108688,-1.2815888147262846
Yugoslavia,,,,,,,,,,,,,,,,
Zambia,-0.9706774698098309,-0.8695026802172979,0.01955380753218166,0.019514907694787732,0.009880237970688549,0.27080983712202,-1.8401801500271289,-2.3252747435585204,-1.2503473289808302,-1.1488942169165166,2026.0,50.66921372982005,55.62741573786223,53.13246773342581,-0.10117478959253301,-1.996323159809727
Zimbabwe,-1.012065009097049,-0.8943999380331046,0.02130218721743203,0.019773069524852412,0.010088264647473397,0.27080983712202,-1.9064649471301536,-2.4014469105883434,-1.3039703856657723,-1.175633431947698,2026.0,48.68298138537141,54.3960544949081,51.51458018359387,-0.11766507106394453,-2.310800498162642
