team,mu_attack,mu_defense,sigma_attack,sigma_defense,sigma_ad,mu_global,quality,quality_low,mu_attack_low,mu_defense_low,year,rating_attack,rating_defense,rating
Afghanistan,-1.7978932524892979,-1.6694344734159252,0.02724174911424902,0.02157124158920387,0.011357903723019714,0.2814317670731791,-3.467327725905223,-4.002225092320472,-2.127994746664947,-1.9631775011745691,2025.0,19.178807255211982,22.78436248179454,20.9221076217994
Albania,-0.7360182924024004,-0.43053196714307074,0.018310135293065914,0.017922598623772063,0.00853734720260609,0.2814317670731791,-1.166550259545471,-1.6283182892835644,-1.0066481894431072,-0.6982825871145066,2025.0,62.296980465227556,77.13519289330584,69.88863195668269
Algeria,-0.37517106841649134,-0.4788172762490364,0.013423808829537287,0.020402814430612263,0.007780382602490425,0.2814317670731791,-0.8539883446655278,-1.298453814483512,-0.6068933921536512,-0.7644941176668333,2025.0,79.61171824138579,74.90188362057346,77.29628542738412
American Samoa,-3.4436188001493733,-3.6051067670561863,0.06566891997395541,0.028788454426650224,0.01833393053381518,0.2814317670731791,-7.04872556720556,-7.772949939809068,-3.956137755794744,-3.9444499822625625,2025.0,1.3070269883831531,0.968453385225021,1.1257880458258152
Andorra,-1.8437879282131044,-1.1250540546957017,0.029553794763586782,0.014817494174251041,0.008861745713543806,0.2814317670731791,-2.968841982908806,-3.4672184685696985,-2.187612271525714,-1.3685083146646004,2025.0,18.004259507333643,43.42514122682577,28.832472531326157
Angola,-0.9860736314493148,-0.6935498492129173,0.01942882278565567,0.020748822551867302,0.009702002967196043,0.2814317670731791,-1.679623480662232,-2.1678105401872263,-1.2648482557296152,-0.9816388809504502,2025.0,49.92703009179468,64.42361871896343,57.10310363325037
Anguilla,-2.848006299217159,-2.655517846503106,0.04623783143546151,0.020841441873639757,0.011678777608110816,0.2814317670731791,-5.503524145720265,-6.104978478235454,-3.278065976171237,-2.9442491532479047,2025.0,3.7647696149768484,5.203461511291407,4.431458895314277
Antigua and Barbuda,-1.9144710100939288,-2.1518899413654373,0.025409385587041373,0.023286600679543155,0.011935693327808982,0.2814317670731791,-4.066360951459366,-4.605127590820796,-2.2332774440756875,-2.4570888973239606,2025.0,16.307782749829848,11.536299913533554,13.751343152962736
Argentina,0.15036951120065137,0.35671631763780565,0.01393510858030257,0.020055889881828996,0.00827760249861082,0.2814317670731791,0.507085828838457,0.05743617206397128,-0.08572461054152644,0.07347867973048944,2025.0,96.26464035602585,98.86003801644353,97.81556193415338
Armenia,-0.8918173629136024,-1.1895261037075715,0.019073392531908446,0.014126047337969759,0.0074556686188392155,0.2814317670731791,-2.081343466621174,-2.520026847238934,-1.168030270156609,-1.4272322023922266,2025.0,54.52349087991097,40.55164279684027,47.32762625492766
Aruba,-1.7129265432765137,-2.030678997637393,0.029042923929397325,0.023267348207920376,0.011485914512795709,0.2814317670731791,-3.743605540913907,-4.292357219409414,-2.05376623538644,-2.3357517640910404,2025.0,21.51022256444812,13.801584247113286,17.31577796099427
Australia,-0.42447380185280625,-0.2684203773948246,0.015100163205487665,0.020515733381264938,0.008583735207076884,0.2814317670731791,-0.6928941792476309,-1.1523867994317047,-0.6702392445455303,-0.5548866642857252,2025.0,77.41082549290024,84.07907761502763,80.85641203148948
Austria,-0.18176578359809756,-0.33952666501388584,0.012822654415270493,0.016876020535359443,0.006686182935848133,0.2814317670731791,-0.5212924486119834,-0.9363637235628102,-0.4082401036899834,-0.5993421421153045,2025.0,87.34986605130892,81.15185022319618,84.38642362838607
Azerbaijan,-1.234218722818252,-1.0189859171967526,0.022520424734334653,0.01555846655700599,0.008525265030514016,0.2814317670731791,-2.2532046400150048,-2.7227977462351394,-1.5343548568263694,-1.2684530818257354,2025.0,38.62038714890368,48.35370037825862,43.35498260229848
Bahamas,-2.2183483144283134,-2.5948698487142705,0.03402718804286821,0.022641180002289464,0.011036149075158057,0.2814317670731791,-4.813218163142584,-5.374433509317201,-2.587277511119864,-2.8958095769143837,2025.0,10.433608411462158,5.75011564553628,7.787874814974938
Bahrain,-1.1088923980602101,-0.9118775580851937,0.016141068707051554,0.017042298630067353,0.00786136875633646,0.2814317670731791,-2.020769956145404,-2.463064450118783,-1.362987409479573,-1.1729698684282397,2025.0,44.160740182460856,53.53556732994509,48.76304216779632
Bangladesh,-2.1283620675016586,-1.7843570742038264,0.026127623235659612,0.018450624412797975,0.01043080025298425,0.2814317670731791,-3.9127191417054847,-4.424343410693679,-2.4516428942493,-2.0560232252996005,2025.0,11.94967206883193,19.53645966994668,15.364823818452745
Barbados,-1.8551400276184598,-2.0196742008590607,0.025086765024990486,0.0222116075154411,0.011227866923222312,0.2814317670731791,-3.87481422847752,-4.403034282571934,-2.171916068536901,-2.3177453837361788,2025.0,17.722699400536946,14.024419481066431,15.785822702329376
Belarus,-0.9097645097550656,-0.8444621991021082,0.020234296860600593,0.015716180883253477,0.008522903792240352,0.2814317670731791,-1.754226708857174,-2.214645150400667,-1.1942591273533645,-1.0951905850758825,2025.0,53.63941435889961,56.871515908426495,55.25036480238368
Belgium,0.026359488133027832,-0.17063750236350608,0.01161886714304209,0.01821416371552859,0.0067263499331652,0.2814317670731791,-0.14427801423047826,-0.560382475753789,-0.1892222100052148,-0.440557221654473,2025.0,93.64630420896161,87.74410912986366,90.95708737757829
Belize,-1.7465092568064124,-1.7097311816918175,0.026018114963724047,0.024385514342096203,0.011330221633922674,0.2814317670731791,-3.45624043849823,-3.996847773164217,-2.0691118914126663,-2.0220484200383178,2025.0,20.564037784234166,21.601952800002387,21.078107704631243
Benin,-0.8630450458181034,-0.9105498356374866,0.021626639711476815,0.020692525858492287,0.010128152335664763,0.2814317670731791,-1.77359488145559,-2.273896671343648,-1.157165019376356,-1.198247773471544,2025.0,55.94775481613499,53.60081288868606,54.77139810652582
Bermuda,-1.3951305243194037,-1.7798332165225734,0.021167299472011333,0.020713924020522207,0.008681687804938791,0.2814317670731791,-3.174963740841977,-3.6617680099375187,-1.6861102450699146,-2.067679870284761,2025.0,32.11768397231174,19.65714117556643,25.337074069122046
Bhutan,-2.505326348894654,-2.551963551790155,0.041598820896038266,0.019487533187505828,0.011983163227162294,0.2814317670731791,-5.057289900684809,-5.640565754935158,-2.9132421289083146,-2.831159061693204,2025.0,6.651239684538879,6.167334855118867,6.405225045547547
Bolivia,-0.5177887451909446,-0.7532310306320954,0.020188904551627702,0.01426746376722195,0.007917485665955992,0.2814317670731791,-1.27101977582304,-1.7195343894122144,-0.8019640752365185,-0.9921240089066521,2025.0,73.05710492036627,61.43408295826727,67.3147601799028
Bonaire,-2.049032586932752,-2.2213733127143245,0.03601552997883834,0.026717904454982795,0.011874554851130734,0.2814317670731791,-4.270405899647077,-4.858564191728665,-2.428587747502798,-2.5482855606034653,2025.0,13.436474675228515,10.385636746638705,11.828211258990818
Bosnia and Herzegovina,-0.5931338198806333,-0.7797307239881629,0.0165365060787457,0.01588557324834549,0.007594106153967018,0.2814317670731791,-1.372864543868796,-1.8092601975365439,-0.8503225138681079,-1.0318066906993548,2025.0,69.40551907753176,60.105914622735376,64.7793747619654
Botswana,-1.3155000000643453,-0.9801667157701301,0.02425129338314862,0.021094935922348568,0.01105565847238681,0.2814317670731791,-2.2956667158344755,-2.8151185278450637,-1.6269565356075804,-1.2706486320564874,2025.0,35.24463497136365,50.21133091908592,42.398514266630116
Brazil,0.09918281759014728,0.19714063897609194,0.014786526850473596,0.02128205831950275,0.008676380142816478,0.2814317670731791,0.2963234565662392,-0.16593770535679886,-0.14401690979846304,-0.09462679114250613,2025.0,95.28689344454008,97.03520205439081,96.22540202268671
British Virgin Islands,-2.4104008509568238,-2.4190212029624663,0.0374009273830208,0.020779792637365114,0.01169151512153299,0.2814317670731791,-4.82942205391929,-5.40060941464588,-2.7971872384268113,-2.707325158102628,2025.0,7.741245562345678,7.636148016914158,7.688539049306343
Brunei,-2.452537542873595,-2.585781977635911,0.03106044622321994,0.01799620813469186,0.009199478286510299,0.2814317670731791,-5.038319520509506,-5.557763881075418,-2.8050170243939805,-2.8540818705519677,2025.0,7.239351781412651,5.8363181114701295,6.504302472183266
Bulgaria,-0.9473454226709597,-0.9659575387471953,0.01930555230208377,0.015249130114747631,0.007948913038124051,0.2814317670731791,-1.913302961418155,-2.3625356783615206,-1.2252342659308773,-1.2129322752264362,2025.0,51.80086814277261,50.8974851994835,51.34854248548144
Burkina Faso,-0.6619369641180846,-0.5666023055468169,0.015862881562499834,0.01958520357706205,0.00841241991168948,0.2814317670731791,-1.2285392696649016,-1.6858047285088462,-0.9138328280182275,-0.8464965968573904,2025.0,66.00143719225959,70.70235984088112,68.36537657048922
Burundi,-1.167578271214194,-1.0715710289327036,0.023102500386220644,0.021018750071769583,0.010047663590797043,0.2814317670731791,-2.239149300146898,-2.7459691010212692,-1.47156840517397,-1.3615279227756993,2025.0,41.51857904025291,45.88130416231723,43.673875989157466
Cambodia,-1.8840470204362865,-2.0950531177190643,0.024897822558091257,0.019118832156821808,0.011168679032623283,0.2814317670731791,-3.979100138155351,-4.4942855912891115,-2.199627897918375,-2.3715948480732503,2025.0,17.021543572056817,12.556200004322138,14.649641593810347
Cameroon,-0.7226187575646206,-0.4409130876438938,0.017244282220472036,0.02191497530264481,0.0096620442835913,0.2814317670731791,-1.1635318452085144,-1.6471984497629304,-0.9852537302584492,-0.7369872358071188,2025.0,62.96850173189781,76.66040524864239,69.96246471251506
Canada,-0.3686549646618157,-0.2505055710197653,0.015451383212204777,0.018539000071848305,0.007958845914483693,0.2814317670731791,-0.619160535681581,-1.0659628414635476,-0.6172621504968576,-0.5228215644674385,2025.0,79.89662539957595,84.78335662383287,82.40935374425909
Cape Verde,-0.8325970337250405,-0.639283732961604,0.018488213923117308,0.020319436187302527,0.00871882665954395,0.2814317670731791,-1.4718807666866445,-1.9462026128186047,-1.104539777133408,-0.9243762525920042,2025.0,57.46268278720057,67.12759973480696,62.30088569160497
Cayman Islands,-2.25622873955696,-2.3139766256096586,0.03333869491002322,0.02572518320348225,0.012754798854595574,0.2814317670731791,-4.570205365166618,-5.15183574890769,-2.621406476611251,-2.63475806649103,2025.0,9.84638526113556,9.005997763768248,9.418093620177881
Central African Republic,-1.0645233036980957,-1.328490265970603,0.022403302543550756,0.01881127139934751,0.008361906278245061,0.2814317670731791,-2.3930135696686987,-2.874421448704297,-1.3638779598740152,-1.6027986427974692,2025.0,46.2095069604011,34.722111146358344,40.246620517591225
Chad,-1.4919148195599141,-1.3769930266185024,0.030279158978683805,0.020631531788189824,0.010081381887349477,0.2814317670731791,-2.8689078461784163,-3.4020999486764656,-1.8399329741362742,-1.664266636880147,2025.0,28.56756710534971,32.81378186941475,30.641706979833106
Chile,-0.40673160112677487,-0.3757134732658085,0.018256965330349737,0.017376017585352094,0.009021221825128212,0.2814317670731791,-0.7824450743925834,-1.2458042291136626,-0.6769682776186954,-0.6393497195245663,2025.0,78.21171917368581,79.5879366892835,78.90375971718817
China,-1.0906887834654062,-0.9999985588214887,0.01791962915986432,0.018036698684345077,0.008688751470545283,0.2814317670731791,-2.090687342286895,-2.5525697116637738,-1.3584172216998553,-1.268600112684046,2025.0,44.99621921854319,49.259096010432216,47.10773464155166
Colombia,-0.026754380373582853,0.24222248882356381,0.016530235882446613,0.020138948598563498,0.00886672155114988,0.2814317670731791,0.21546810844998096,-0.25101930867210975,-0.28389431023626766,-0.041601038027636456,2025.0,92.26292951948936,97.67153102865606,95.46020488961184
Comoros,-1.1133159496352443,-1.0712002670691163,0.02254638317849157,0.017377319696401865,0.0076281974921607425,0.2814317670731791,-2.1845162167043606,-2.65432510490983,-1.413625011626331,-1.3348463912310455,2025.0,43.95881792986056,45.89854464166072,44.92390922991439
Congo,-1.2394957269625553,-1.3120210980784466,0.026564125651545444,0.022039866077262587,0.012062180190375882,0.2814317670731791,-2.551516825041002,-3.0908807174533877,-1.5654658216126347,-1.6089376929482018,2025.0,38.39579015518202,35.3853805679746,36.872576355706286
Cook Islands,-3.052794603901198,-2.975433485139693,0.05224646219991814,0.032668281958808595,0.016905137977231713,0.2814317670731791,-6.028228089040891,-6.717358033574402,-3.5099443045460443,-3.3369208678174767,2025.0,2.6407422849524687,3.0229069714987733,2.825871280121328
Costa Rica,-0.5977822200350718,-0.5127931805796357,0.014956099547336824,0.016670513481606544,0.007586944570652116,0.2814317670731791,-1.1105754006147075,-1.54324387494695,-0.8423724859684226,-0.7710218659080209,2025.0,69.17725906454811,73.29546779494008,71.25202508855939
Croatia,-0.13393921162729636,-0.11824712553850256,0.012766400129305227,0.017070188397139467,0.006905005690552137,0.2814317670731791,-0.2521863371657989,-0.6700217110036251,-0.35991620275077535,-0.3795529876781757,2025.0,89.00018792713207,89.51619230704327,89.25979231788698
Cuba,-1.3841862197906034,-1.4365393755152271,0.02249729615565973,0.019892894447032215,0.01027029599244143,0.2814317670731791,-2.820725595305831,-3.3224457666666196,-1.684168193620097,-1.7186237206819324,2025.0,32.5365644625858,30.564708273985165,31.540536839839362
Curacao,-1.1604509650176371,-1.079678425256492,0.021986477633787388,0.022352293229744566,0.010533441735573454,0.2814317670731791,-2.240129390274129,-2.751619974096271,-1.4570077227136127,-1.378692092032742,2025.0,41.835125361272475,45.50502177991005,43.65160286526817
Cyprus,-1.0526622645537362,-1.1839720158425833,0.01984652300475099,0.014413168150025824,0.007903806721982131,0.2814317670731791,-2.2366342803963195,-2.684148769988516,-1.3344176407562214,-1.4240817253507647,2025.0,46.764127330610584,40.79520442022082,43.731056161962556
Czechia,-0.40307276953336757,-0.45450502329735365,0.01436959009025655,0.017939145897457372,0.007549026183739673,0.2814317670731791,-0.8575777928307212,-1.293039792804052,-0.6428192196864954,-0.722379216884249,2025.0,78.3756732022156,76.03420365384122,77.21460890165001
Czechoslovakia,,,,,,,,,,,,,,
DR Congo,-0.6376024542945493,-0.5300719200765244,0.01693045152628108,0.019521959186337777,0.008701694644320038,0.2814317670731791,-1.1676743743710736,-1.6318114231024108,-0.8978365913809898,-0.8095139297052685,2025.0,67.21099836608143,72.46882301477144,69.86112664941793
Denmark,-0.14071360513345268,-0.13125302419706006,0.014096040814270629,0.018297990238682157,0.007678419692425278,0.2814317670731791,-0.27196662933051274,-0.7090060803543459,-0.378167102174626,-0.40179315237535573,2025.0,88.7734816131292,89.08942592651505,88.93203077145944
Djibouti,-1.5934169650472878,-1.8377067504999849,0.03459948534672012,0.016114764717594796,0.00922371214967597,0.2814317670731791,-3.4311237155472725,-3.9570958606791864,-1.9654357029985912,-2.091594636919127,2025.0,25.145482246747452,18.156540176596238,21.434793092919293
Dominica,-2.024381192748965,-2.018224117024269,0.028294168927516614,0.024990130186403798,0.01263157476561735,0.2814317670731791,-4.042605309773235,-4.603131664711716,-2.360798605660465,-2.3343894546968467,2025.0,13.928746459185227,14.054002711633773,13.99125868904525
Dominican Republic,-1.153426437978187,-1.2060754380190315,0.019878061729080673,0.020915639977801277,0.008557802386845467,0.2814317670731791,-2.3595018759972186,-2.840788927477197,-1.4354055984073268,-1.49532024767204,2025.0,42.14830758460084,39.8305236304511,40.980824727248475
East Germany,,,,,,,,,,,,,,
Ecuador,-0.19996329734729593,-0.03560560195606532,0.017323396882324107,0.017967514894960877,0.00871519534867117,0.2814317670731791,-0.23556889930336125,-0.694791296294742,-0.4632000492063333,-0.30369152023571594,2025.0,86.69213245798231,92.01714515859807,89.53121150636102
Egypt,-0.65181168039376,-0.42631391340438696,0.014291362692154913,0.02078317255779141,0.008191292656551953,0.2814317670731791,-1.078125593798147,-1.531808833792971,-0.8909046555490742,-0.7146413145149398,2025.0,66.50533675347327,77.3272187600209,72.03632434909086
El Salvador,-1.2830744578087871,-0.9373814634671436,0.017243282818761176,0.01833790112511933,0.008790922110153117,0.2814317670731791,-2.2204559212759305,-2.681598103966635,-1.5457018198163373,-1.208216476898711,2025.0,36.56959875905511,52.28652300464303,44.09972966079686
England,0.08495275028511436,0.2583647551768983,0.01224946916404405,0.020124701788457024,0.0073585310987890635,0.2814317670731791,0.3433175054620126,-0.09069278543016979,-0.13640188972989908,-0.025358361882371505,2025.0,94.9895295627318,97.87504344276587,96.62965997415337
Equatorial Guinea,-1.0546220394205776,-0.8637193695684432,0.01964858672804577,0.020959934582162675,0.008902634921221956,0.2814317670731791,-1.9183414089890207,-2.401720312759768,-1.3349688726685798,-1.1532702948452427,2025.0,46.67229485430441,55.914287035784696,51.22631050873208
Eritrea,-1.7236582621792909,-1.567526658676828,0.05834976896324206,0.04481090528224634,0.027562976257762262,0.2814317670731791,-3.291184920856119,-4.086889958570504,-2.2067721988991584,-1.990898387927832,2025.0,21.204313959230568,25.988988342756247,23.506434670450126
Estonia,-1.09864251467277,-1.0172192726777889,0.019960750580383407,0.01452854665806656,0.008093487527349556,0.2814317670731791,-2.1158617873505587,-2.566089606540573,-1.381207555542184,-1.2582881147795135,2025.0,44.63028241372312,48.437671624475,46.51741942202447
Eswatini,-1.3958201241337231,-1.2286172083099747,0.02356350176008998,0.01837756874526417,0.009710785777899855,0.2814317670731791,-2.624437332443698,-3.1198670128672825,-1.7028282788142786,-1.499744991801554,2025.0,32.091407852737596,38.85959998747261,35.37737844669013
Ethiopia,-1.1463191028762088,-1.1534590256820938,0.02157378981884165,0.01841969177608815,0.009468658994890581,0.2814317670731791,-2.2997781285583025,-2.785291463430625,-1.4400794801828949,-1.4248973558868616,2025.0,42.466382380011794,42.14685195781489,42.30646561412139
Faroe Islands,-1.0631862111549104,-0.9367841827777373,0.02161425052835647,0.015254032482320856,0.008207022557243674,0.2814317670731791,-1.9999703939326476,-2.461629697424583,-1.3572219268654782,-1.1837986154113052,2025.0,46.271887797449004,52.31567829605783,49.25973537082958
Fiji,-1.7590149169519465,-1.8740587218512665,0.020785445209059127,0.022577354041645306,0.009334625272612421,0.2814317670731791,-3.633073638803213,-4.131198321170707,-2.0473580820109376,-2.174573972989343,2025.0,20.219988545532974,17.261263122677217,18.69462081623946
Finland,-0.7544020233068245,-0.6953042588512903,0.017573712288265902,0.017397286142416625,0.008393005180586036,0.2814317670731791,-1.4497062821581148,-1.9047096174947016,-1.019533781406573,-0.959101803513227,2025.0,61.37537765941732,64.33589024354414,62.856547926186465
France,0.057277911379039044,0.1631722565603211,0.012517601495950187,0.018113567744077866,0.0069673829908762745,0.2814317670731791,0.22045016793936015,-0.2017627414880073,-0.16648626355475313,-0.10600105373680227,2025.0,94.37898955471181,96.48704053376397,95.50993424614516
French Guiana,-1.268778926039195,-1.3886076249102433,0.023781526828841184,0.026539142938890318,0.011321352336409797,0.2814317670731791,-2.6573865509494383,-3.1976212201092435,-1.5772041314219016,-1.7144244012670804,2025.0,37.16298323654731,32.366918295884,34.71398320370888
Gabon,-0.9361570610568621,-0.7942639321364597,0.019441100563253513,0.02198131195035459,0.009641649174130832,0.2814317670731791,-1.7304209931933219,-2.2231915721116247,-1.2150197553223627,-1.0907858500471235,2025.0,52.34629539325406,59.37812593445826,55.840293984550016
Gambia,-0.8973435637453768,-0.8746874537624274,0.020569927541177677,0.020483751716835082,0.008875520272622195,0.2814317670731791,-1.7720310175078042,-2.2570247073770937,-1.1841879643613042,-1.1609303696002526,2025.0,54.25088962514295,55.37049090823216,54.81003699543516
Georgia,-0.5107797014444568,-0.571537527925892,0.016574754098971516,0.015902936178822265,0.007434582940741456,0.2814317670731791,-1.0823172293703487,-1.5175038843094757,-0.7682656552281265,-0.8237512165220684,2025.0,73.39139074709806,70.46194516746466,71.93528501756849
Germany,0.1965852074032656,-0.2099746540847495,0.012646268005713675,0.017285704828635777,0.006982785862985531,0.2814317670731791,-0.013389446681483896,-0.4324242641385564,-0.028326046256605092,-0.4729248762077648,2025.0,97.02672150998382,86.32349100268894,92.80387357499438
Ghana,-0.7330174788600891,-0.5203524811172638,0.016975164425697437,0.020457129686280762,0.009084094238624612,0.2814317670731791,-1.253369959977353,-1.7249650515091772,-0.9935950252887669,-0.8064093264209955,2025.0,62.44739215113879,72.93457343955477,67.75186381667915
Gibraltar,-1.8302129681544068,-1.556277202726258,0.03093430170051798,0.012472006595489962,0.007208134620607479,0.2814317670731791,-3.3864901708806645,-3.8674166830931767,-2.1819759662114393,-1.7796334795173072,2025.0,18.345594216679007,26.361758147435353,22.07995180836404
Greece,-0.4197651200579862,-0.21209349609204634,0.017484305202446766,0.01985842929322407,0.00901720574765795,0.2814317670731791,-0.6318586161500326,-1.1025056005916063,-0.6842215830340063,-0.4939333746984924,2025.0,77.62430920230881,86.24486077318778,82.14565096471918
Grenada,-1.5314851347792933,-1.7538770718647398,0.025700789889655292,0.020503555094940958,0.011191334627227581,0.2814317670731791,-3.285362206644033,-3.8091446585801454,-1.8521144527753572,-2.0402583219139774,2025.0,27.19669682584529,20.360796404829905,23.595759308113585
Guadeloupe,-1.2291052418767345,-1.2322776621635823,0.020714367028962788,0.022193690534331612,0.009203375689299888,0.2814317670731791,-2.461382904040317,-2.956619449306896,-1.5169549737089028,-1.5302286013084798,2025.0,38.83872567922821,38.70318665492818,38.77092307502761
Guam,-2.32638360403901,-2.433248073701333,0.03453954252591126,0.025368791461668573,0.01454750118463186,0.2814317670731791,-4.759631677740343,-5.356300216736136,-2.6980799452957474,-2.7517997427389855,2025.0,8.833782479480657,7.46543840484083,8.124442051676706
Guatemala,-0.9308809861110459,-0.7319365199504193,0.01629265333942977,0.018382697292683884,0.007654027617065766,0.2814317670731791,-1.6628175060614652,-2.1099568841808396,-1.1861663428350835,-1.0031021320230704,2025.0,52.60408929917044,62.501570763887294,57.52193918880653
Guinea,-0.809271677591557,-0.7760705827343427,0.017462398228151765,0.018897467341737584,0.008711183547005267,0.2814317670731791,-1.5853422603258998,-2.04916219376516,-1.0735624131700239,-1.0510067014363975,2025.0,58.627357920873166,60.2892949333893,59.45785764369029
Guinea-Bissau,-1.216015644404474,-1.0108086715577713,0.021554247524177582,0.019840371064435224,0.008827780499969113,0.2814317670731791,-2.2268243159622454,-2.7128291702118754,-1.5096429423464575,-1.2925203757124637,2025.0,39.4007533881803,48.74284662641325,43.954431155925135
Guyana,-1.1638122741037882,-1.541789347449709,0.02086356415090045,0.021111702851554493,0.00975016339345671,0.2814317670731791,-2.7056016215534973,-3.2014870671530566,-1.4526967780211872,-1.8323866829609246,2025.0,41.685685297647424,26.847433736834837,33.7571509568685
Haiti,-0.7934307353503016,-0.7921431260856122,0.01716580748090192,0.021848218996641442,0.009217704812998816,0.2814317670731791,-1.5855738614359138,-2.0649461013645145,-1.0554674311079906,-1.0877659871545182,2025.0,59.419832598742,59.48429013750962,59.45206066069848
Honduras,-0.8022794197303988,-0.8296265981843927,0.01637300541834888,0.01614503210195216,0.0076991738658970495,0.2814317670731791,-1.6319060179147915,-2.069702250206003,-1.0581935101462951,-1.0837528038535613,2025.0,58.977032770216994,57.61082724313855,58.29344552059978
Hong Kong,-1.5482429518985523,-1.4183575130953927,0.018399425800346314,0.01768066678175225,0.008217808366551307,0.2814317670731791,-2.9666004649939453,-3.4249265904339037,-1.8195319181345297,-1.6842948499381327,2025.0,26.63031154268203,31.240354237751,28.872235773281794
Hungary,-0.4395469072248672,-0.5614672351154687,0.015988323153397703,0.015805517366057755,0.007574077548839048,0.2814317670731791,-1.001014142340336,-1.434336173246375,-0.6924367896116301,-0.8129072268913018,2025.0,76.72306385973118,70.95208881489216,73.8794070558979
Iceland,-0.4784937989065179,-0.7368870438365664,0.016473805320222388,0.015200149845732657,0.007632438620670645,0.2814317670731791,-1.2153808427430843,-1.6486882735923434,-0.735194444174288,-0.9834648193617151,2025.0,74.91704757420374,62.25343344634584,68.68976332241795
India,-1.6188446782389185,-1.4397280356695323,0.02014181067808002,0.02031272997369755,0.010217722421539462,0.2814317670731791,-3.058572713908451,-3.5520906385874094,-1.9026883723952623,-1.7247735055419549,2025.0,24.336562213510383,30.447226878904686,27.271637598289576
Indonesia,-1.149450527261212,-1.3553363518950727,0.015891435739298958,0.01363115445465776,0.006619571694765026,0.2814317670731791,-2.504786879156285,-2.9183650873998372,-1.4015730033659732,-1.5888414221154665,2025.0,42.32609362485809,33.65748405494746,37.849962406974115
Iran,-0.5212536793217262,-0.2565014424054973,0.015066281533323775,0.022798131988314707,0.008940632587507727,0.2814317670731791,-0.7777551217272235,-1.249965577759929,-0.766743243526185,-0.5584824483533198,2025.0,72.8914691684113,84.54920870156002,79.0077204468257
Iraq,-0.9037915999815489,-0.59499244737062,0.01510570553158793,0.01758860497088604,0.007656094004089573,0.2814317670731791,-1.498784047352169,-1.9369917538597252,-1.1496021411028599,-0.8602365234280207,2025.0,53.93323831913772,69.31428631580789,61.626545482079685
Ireland,-0.6925899477694502,-0.4111258362657939,0.01888248670665951,0.018592892666998782,0.009036094522557587,0.2814317670731791,-1.103715784035244,-1.5750864170567485,-0.9674170694780582,-0.6838373517322207,2025.0,64.47161199118025,78.01425826814238,71.41821342957047
Israel,-0.3701000897695249,-0.7683905699362219,0.016650156070353233,0.015010149569927264,0.007248327115249843,0.2814317670731791,-1.138490659705747,-1.568174077448532,-0.6281710572986388,-1.013422401092317,2025.0,79.83356575142928,60.67416561701307,70.57365602013041
Italy,-0.1963692130760392,-0.08881139723526249,0.013572151810840873,0.018742421057671606,0.007392259318654159,0.2814317670731791,-0.2851806103113017,-0.7192271124551195,-0.42936837024911456,-0.36261732162457594,2025.0,86.82330697958788,90.44918732546913,88.71026009939965
Ivory Coast,-0.5851929662007754,-0.4422888233092627,0.014621602535022163,0.02108819790493511,0.008408914254368469,0.2814317670731791,-1.027481789510038,-1.4858599257630414,-0.8270326034401838,-0.7327243438981543,2025.0,69.79476008410124,76.59725535732053,73.25028830339575
Jamaica,-0.9219344750542309,-0.7359084326732444,0.015618677717348046,0.01660033614273226,0.007450194996783301,0.2814317670731791,-1.6578429077274752,-2.091982995043295,-1.1718838916756589,-0.9935930161681229,2025.0,53.04205185312223,62.30248723117708,57.64600299791927
Japan,-0.15237410783780722,-0.132245629750218,0.013205533706025507,0.01992949316154271,0.008025700084680929,0.2814317670731791,-0.2846197375880252,-0.7281800019802724,-0.3822047733811633,-0.41458934341526643,2025.0,88.37775225737605,89.05649401092394,88.71971880364272
Jordan,-0.6575051649458157,-0.529846279419708,0.015489828112511613,0.017789746536990406,0.007724181394771643,0.2814317670731791,-1.1873514443655235,-1.6288395526495194,-0.9064214409304255,-0.7966026966770283,2025.0,66.22209275578331,72.47965705366879,69.37892410966796
Kazakhstan,-0.9705749662657889,-1.000878949423356,0.01905696210012327,0.014806348697750922,0.0076791029637845575,0.2814317670731791,-1.9714539156891449,-2.4151723702318573,-1.2466688785501656,-1.2442416310140298,2025.0,50.67416750282177,49.216976337585535,49.94369992317959
Kenya,-1.1658253317903027,-0.9824250708637724,0.021786513217439105,0.021790020679004297,0.010647478939221293,0.2814317670731791,-2.148250402654075,-2.657648053904593,-1.461030434845376,-1.277653935841466,2025.0,41.59631819770438,50.10256937049456,45.76261193594081
Kosovo,-0.5203576549169244,-0.6285617799352331,0.018648977323637673,0.01726798070774098,0.007300432392785393,0.2814317670731791,-1.1489194348521576,-1.5984428394350534,-0.7934801719208336,-0.8913771577786231,2025.0,72.93432602471161,67.65897241519352,70.31941115781957
Kuwait,-1.164921507183374,-1.1822159135771118,0.018203669650016213,0.016568146129981837,0.008023939248955201,0.2814317670731791,-2.347137420760486,-2.798001898305162,-1.434763458332681,-1.439650535413273,2025.0,41.636430141605665,40.87237452225067,41.25348269868084
Kyrgyzstan,-1.1549182599576098,-1.2020613599931902,0.02011972353724545,0.01711847752971939,0.008001204622958833,0.2814317670731791,-2.3569796199508,-2.8184581581858192,-1.4386062825263848,-1.463736559656585,2025.0,42.08169695956779,40.004793445910835,41.03636819922446
Laos,-2.0748716685318636,-2.392452065950455,0.02700410005665797,0.01737197971208519,0.0102958440066537,0.2814317670731791,-4.467323734482319,-4.977099245004551,-2.4035301542379712,-2.656057678273753,2025.0,12.936101162930136,7.964155268609141,10.192697592166
Latvia,-1.1575521760760215,-1.0729260549776194,0.019699086833169475,0.0153143248176792,0.00827691638455616,0.2814317670731791,-2.230478231053641,-2.6846466774255173,-1.4382590469087069,-1.3204281747073638,2025.0,41.96422150663718,45.81831938790039,43.871167488678594
Lebanon,-1.3540010696867533,-1.071440043900342,0.016753945143972472,0.019264687687269234,0.008436023236885599,0.2814317670731791,-2.4254411135870955,-2.8854005870410635,-1.6128751328446715,-1.3490346237268884,2025.0,33.709948156222836,45.88739466121682,39.54293611667441
Lesotho,-1.4863912551789387,-1.1243755207695443,0.025107582938405947,0.018037706219168455,0.010041219136977015,0.2814317670731791,-2.610766775948483,-3.11366926125365,-1.8032987050024223,-1.3929845766047373,2025.0,28.762661041482385,43.455905823631355,35.6548656672401
Liberia,-1.2715656113651013,-1.1331195055358525,0.024437699926361797,0.020599160674266866,0.010279772284597805,0.2814317670731791,-2.4046851169009535,-2.9169210202494957,-1.5842168542947388,-1.4201676595049513,2025.0,37.04687347583038,43.060264647703676,39.992571908746065
Libya,-1.0340711781784702,-0.9238487182837751,0.022083274669142672,0.021754097992608835,0.01059685617922615,0.2814317670731791,-1.9579198964622453,-2.467943758728331,-1.3312800250800567,-1.2188341280423518,2025.0,47.639003171063244,52.94825720176437,50.26948189256435
Liechtenstein,-2.0803526839443136,-1.611587338351631,0.027456745117622815,0.012655615121430435,0.007901299604311579,0.2814317670731791,-3.6919400222959444,-4.164866906487048,-2.4117542235763607,-1.836581694915794,2025.0,12.831986241084048,24.565468491183516,17.949864726892038
Lithuania,-1.2341231304120004,-1.0373987777870102,0.021213091392156352,0.014597478360710011,0.008101157530451403,0.2814317670731791,-2.2715219081990106,-2.72764857838513,-1.5254174241573901,-1.2790388271224629,2025.0,38.62446249158475,47.48192228456342,42.94109359474218
Luxembourg,-1.060498191527338,-0.9453987341622032,0.021460670889552846,0.015459593290790186,0.008267350371072428,0.2814317670731791,-2.005896925689541,-2.4683035213280022,-1.3534874124181608,-1.1940719598282583,2025.0,46.39740429156273,51.89564388357344,49.118018988228776
Macau,-2.628879521110969,-2.656747086022482,0.03848954007941065,0.029859702778244446,0.01773831034157507,0.2814317670731791,-5.285626607133452,-5.9300670265387065,-3.021254546205129,-3.002346291914188,2025.0,5.437543605533445,5.1928817414259365,5.313947473943803
Madagascar,-1.035594287646546,-1.020364146239713,0.021267794227509306,0.019166776215348326,0.00963749583823365,0.2814317670731791,-2.055958433886259,-2.5446692363832977,-1.3272639242391082,-1.2972523996225414,2025.0,47.56707806885401,48.28823028137105,47.92711650936129
Malawi,-1.337935957380915,-1.0244521807754567,0.021693947143082055,0.019570223408132168,0.010404783455253735,0.2814317670731791,-2.362388138156372,-2.860680170850942,-1.6325132622981953,-1.3042394099917465,2025.0,34.345174594719765,48.094239524685776,40.91731374802819
Malaysia,-1.2822736392435787,-1.4435131979217213,0.015417530094286192,0.017620766504512327,0.007872659564600929,0.2814317670731791,-2.7257868371653,-3.167527103511941,-1.5306083335115057,-1.7089996684207833,2025.0,36.60269111692918,30.30816055652854,33.36153192599321
Maldives,-1.9406209068938671,-2.121228592470935,0.024124615226879396,0.02051050608842589,0.011208493852012964,0.2814317670731791,-4.061849499364802,-4.579737939163689,-2.2512629209671693,-2.407658382041963,2025.0,15.713780567510183,12.077446854620288,13.796641697986512
Mali,-0.6602416537591731,-0.3831080334535576,0.016925896667711514,0.02287146429031445,0.009647557287995906,0.2814317670731791,-1.0433496872127308,-1.529528565956009,-0.9204407826409702,-0.685574324403901,2025.0,66.08586318587074,79.26273041432329,72.87131917145673
Malta,-1.343837558610219,-1.1915026128952613,0.023341418282414466,0.014980342913579432,0.008555182039611782,0.2814317670731791,-2.53534017150548,-3.006220730778073,-1.6493955287724418,-1.4362910351180407,2025.0,34.11096052624127,40.4651541816033,37.20924293999761
Martinique,-1.18552314650985,-1.1817160938104523,0.027992556115449055,0.025633045053678596,0.013570709727084853,0.2814317670731791,-2.367239240320302,-2.935630023578783,-1.520142668447522,-1.5019225587900251,2025.0,40.72710553855694,40.894352620494764,40.81068392295636
Mauritania,-1.2933090917499759,-0.9625619616120759,0.02250683913232055,0.018561446146318016,0.008954322781417163,0.2814317670731791,-2.2558710533620516,-2.7415743819134333,-1.593354682501252,-1.2350427583396106,2025.0,36.14823137492886,51.061916182505286,43.29461323587444
Mauritius,-1.5730902714518364,-1.494830745261414,0.026603934552608857,0.019712182405769257,0.0105397738387336,0.2814317670731791,-3.0679210167132505,-3.58713451667582,-1.8993045234556927,-1.77563090484662,2025.0,25.806031539557583,28.46494453564441,27.11250260465721
Mexico,-0.3788039505797327,-0.19097965643852508,0.01444202188591927,0.0177488212295332,0.008077450384414861,0.2814317670731791,-0.5697836070182578,-1.0095369191571533,-0.6191538778600985,-0.4574290604876481,2025.0,79.45224484660085,87.01884510584155,83.41933574835419
Moldova,-1.3339504985500574,-1.230836566060653,0.021937865960934635,0.015074863467677283,0.0085131028025106,0.2814317670731791,-2.5647870646107105,-3.0297125856724527,-1.6301792342320276,-1.4763960372091085,2025.0,34.50390682054287,38.7647234734118,36.59773563158837
Mongolia,-2.194868916121653,-2.150877611177989,0.029678446166024487,0.02221069149384752,0.01164253138584021,0.2814317670731791,-4.345746527299642,-4.894104805915193,-2.5394175841848132,-2.4489426476639715,2025.0,10.812440300498704,11.553833541465286,11.177913810497609
Montenegro,-0.8723421479491901,-0.9239119378876847,0.018103284287981962,0.017229181583962937,0.007882124968389817,0.2814317670731791,-1.7962540858368747,-2.248345739414883,-1.1414390397036804,-1.1864318920547,2025.0,55.48667877726403,52.945160337199496,54.212268259478805
Montserrat,-1.635041227035887,-1.9179138409244223,0.02897947078175758,0.0192924574206706,0.00779061695834149,0.2814317670731791,-3.5529550679603092,-4.0583387325918885,-1.9755083812916687,-2.1957084227338637,2025.0,23.83135732013676,16.228555425589285,19.74703378069109
Morocco,-0.3966267200783234,0.03491055005818961,0.013392257200139182,0.022405612836211976,0.007881003491605488,0.2814317670731791,-0.3617161700201338,-0.8158521717621764,-0.6280765608658183,-0.26445954087416773,2025.0,78.66349137655232,93.85429253434282,87.3822518306762
Mozambique,-1.1163866524330008,-0.9928260042223145,0.020781401044155712,0.019017276124886105,0.009505644862873442,0.2814317670731791,-2.1092126566553153,-2.5942279838143185,-1.404701765073013,-1.2686322849694078,2025.0,43.8189067861319,49.602735843123526,46.67303075294679
Myanmar,-1.9431872642733485,-2.0862928622720793,0.02224064869894288,0.015217331749211669,0.00874067322921601,0.2814317670731791,-4.029480126545428,-4.498262920199745,-2.241453244223747,-2.333009961389361,2025.0,15.65644370247764,12.719941600580864,14.125291871293832
Namibia,-1.1870125863220629,-1.0485726079889528,0.02106568474590765,0.019267231424440763,0.009712666867485873,0.2814317670731791,-2.2355851943110157,-2.7244952060936347,-1.4772930351704663,-1.3261855142050778,2025.0,40.661771629214805,46.95600714344882,43.75491819964154
Nepal,-2.1553007400474766,-1.8468376587672053,0.02552003476650079,0.017226364043751382,0.009801187247829314,0.2814317670731791,-4.002138398814682,-4.501533125682761,-2.4748005664418007,-2.109336146715242,2025.0,11.477390452316483,17.928272332655325,14.407908162931871
Netherlands,0.09625082013461568,-0.09246706517221759,0.01165245991854214,0.017361687321815204,0.006442792040428448,0.2814317670731791,0.003783754962398092,-0.40560472226291044,-0.11964230081686013,-0.3559945766150664,2025.0,95.22654052997628,90.33582409194395,93.02858150092392
New Caledonia,-1.4003970778890749,-1.5648183565183673,0.024756948045120627,0.028165544606121407,0.012864167499533988,0.2814317670731791,-2.965215434407442,-3.526110532087249,-1.7150838939149176,-1.9004702273972374,2025.0,31.917363969777245,26.078385523800463,28.896824224463447
New Zealand,-0.7597281949495759,-0.5661136976202052,0.017961308012055588,0.023597165440406777,0.009093284877992283,0.2814317670731791,-1.3258418925697812,-1.8146978763050607,-1.0277678040528246,-0.8733410755695461,2025.0,61.10836921319471,70.72614052357909,65.95242518115721
Nicaragua,-1.157703928158247,-1.1293053462984213,0.021373955960158023,0.023479012089500585,0.01040999715771192,0.2814317670731791,-2.2870092744566684,-2.7995440044607234,-1.4501006173334703,-1.4357626000190704,2025.0,41.9574582809038,43.23262851290943,42.59266924697951
Niger,-1.0876668964058802,-1.0656489641241143,0.024347411061054345,0.018416308605953207,0.009691510316100067,0.2814317670731791,-2.1533158605299945,-2.6519008193853844,-1.3997400356604746,-1.3370623654583387,2025.0,45.13560783538006,46.15701843223462,45.645049764763556
Nigeria,-0.59302251501326,-0.3800192424846577,0.015795545935076913,0.02070653812477797,0.008659773664683252,0.2814317670731791,-0.9730417574979177,-1.4370315478563753,-0.8443831796772198,-0.66781457340424,2025.0,69.41098109099464,79.39879709783085,74.54000226683041
North Korea,-1.1544286330833822,-1.0129328416759769,0.02367476727396498,0.021328615854883996,0.010972806424517052,0.2814317670731791,-2.167361474759359,-2.6848515557382435,-1.4621607716322504,-1.3050192388593034,2025.0,42.10355318005854,48.6416449739722,45.31977254555427
North Macedonia,-0.660139821776346,-0.6921020915892013,0.01618481172900366,0.017364248686938286,0.0079912907915983,0.2814317670731791,-1.3522419133655474,-1.7973560200803922,-0.9145789046940743,-0.9556490413870564,2025.0,66.09093369139036,64.49600217917433,65.29427067872886
Northern Ireland,-0.7421716930595664,-0.4990591508755765,0.019352292560639733,0.018620318762870923,0.009075403343392147,0.2814317670731791,-1.241230843935143,-1.7150384758293324,-1.02039672831441,-0.7719717285474084,2025.0,61.98851961813547,73.94800394499315,68.05201241944796
Northern Mariana Islands,-2.952276844692438,-3.31859154331925,0.06503270819423328,0.030409378788851554,0.017919395137977367,0.2814317670731791,-6.270868388011689,-6.995522449641207,-3.4623070720093425,-3.6673572456975174,2025.0,3.146838283488429,1.642637594275298,2.282195585445268
Norway,-0.0029944353999288987,-0.1688818416380475,0.014860795884123491,0.019299613571412938,0.007908440239072915,0.2814317670731791,-0.1718762770379764,-0.6189882984987386,-0.24680416354155568,-0.44672793983928505,2025.0,92.90121274357203,87.80574705513389,90.53778487158148
Oman,-1.0870686670931848,-0.7479457668567816,0.01600728827800191,0.017142358615645482,0.007888038049577545,0.2814317670731791,-1.8350144339499663,-2.2773976298008147,-1.3401084922433135,-1.009803427547818,2025.0,45.163225104896995,61.69905133256195,53.25915504821297
Pakistan,-2.306700012716126,-2.0921595055288655,0.03519568970954141,0.020481658229355288,0.011912198856392555,0.2814317670731791,-4.398859518244992,-4.962780596594372,-2.681910298873323,-2.378387793644176,2025.0,9.108350205712767,12.610089172225692,10.7379472974926
Palestine,-0.9864156487031335,-0.8652722386002035,0.019526809674686403,0.018578888093663672,0.00886163301518137,0.2814317670731791,-1.851687887303337,-2.324250957374255,-1.2658923717030026,-1.1378810285807446,2025.0,49.91058608459314,55.8372306266959,52.850543897479405
Panama,-0.5679058537823551,-0.5643474434346913,0.015053223262895534,0.01580371431710861,0.007424201585469398,0.2814317670731791,-1.1322532972170465,-1.5598294459949826,-0.8132890093810681,-0.8157730930180909,2025.0,70.63889680118358,70.81207201202827,70.7255102456402
Papua New Guinea,-1.749105457406821,-1.9387777304695673,0.02466271502005323,0.024596584628547698,0.010331103966739178,0.2814317670731791,-3.6878831878763885,-4.216736693422411,-2.0631928020742127,-2.2524436969278216,2025.0,20.492243952964774,15.755065487738761,18.000424668372162
Paraguay,-0.4133736953602145,-0.19623306475183896,0.020707190242554265,0.01775940128381926,0.009461871953322324,0.2814317670731791,-0.6096067601120535,-1.0887323613191615,-0.7011735580603504,-0.4627618720790715,2025.0,77.91301666846073,86.8282638254696,82.60670214764397
Peru,-0.5429445559714967,-0.2990798948487263,0.01909583871132326,0.0178125268033203,0.009352513811549865,0.2814317670731791,-0.842024450820223,-1.3136742918580135,-0.8193199435248986,-0.5660070519783096,2025.0,71.84912006552736,82.84194931631292,77.56783208279502
Philippines,-1.5497434838865103,-1.546796546682116,0.018964457991902595,0.01862750079433851,0.008788546632060605,0.2814317670731791,-3.0965400305686264,-3.5663018938583675,-1.8251664894027715,-1.8197617517492712,2025.0,26.580007499501512,26.678865021540222,26.6294036673385
Poland,-0.3326486626461366,-0.4873839156595233,0.014458737367081847,0.01643733353682182,0.00741725362673201,0.2814317670731791,-0.8200325783056599,-1.2477267595023074,-0.5731376425772914,-0.7438002453799357,2025.0,81.44370916004938,74.49937167971294,78.06417384582295
Portugal,0.1353998281015568,0.09565111114623603,0.011868101727811702,0.018723361429112788,0.006889681608099101,0.2814317670731791,0.23105093924779282,-0.19023673620983408,-0.08248180699247037,-0.178015557844438,2025.0,95.99344417670248,95.21413745019476,95.61461359312817
Puerto Rico,-1.399256510541165,-1.5821150323466167,0.022561924739420924,0.024731523583552472,0.010032008824866448,0.2814317670731791,-2.9813715428877816,-3.5004378815101442,-1.699669058477638,-1.8966402210584428,2025.0,31.960677793242787,25.511229727130967,28.610898361561897
Qatar,-0.8357883658032857,-0.9692720130427679,0.01420888603330202,0.016526217295280525,0.007424609717018624,0.2814317670731791,-1.8050603788460537,-2.23207008722571,-1.0741904298321194,-1.2263806849718222,2025.0,57.303584749673895,50.73715052482157,53.99534290265757
Romania,-0.5330479856393994,-0.47510757820193183,0.014200790866967426,0.018484474657762335,0.0075134333333302964,0.2814317670731791,-1.0081555638413313,-1.445017703154824,-0.7713821281114122,-0.7470228198325719,2025.0,72.32583497374013,75.07563157204558,73.71003939668981
Russia,-0.3027642577973687,-0.3512008486243062,0.020905686487679605,0.027577551114105557,0.013092381966743222,0.2814317670731791,-0.6539651064216749,-1.2004740323699035,-0.591940235275994,-0.6833306492390994,2025.0,82.6906660526593,80.6524512799042,81.68279903047953
Rwanda,-1.2491913835261073,-0.962844641331416,0.02413421734360586,0.021862074996266044,0.01130452778089193,0.2814317670731791,-2.2120360248575235,-2.73588847699135,-1.559895212556944,-1.258561228598793,2025.0,37.985057683964726,51.04822077574334,44.29218078183739
Saarland,,,,,,,,,,,,,,
Samoa,-2.487565193448636,-2.7640319647793934,0.029943510066859445,0.019455396966866646,0.008249265606500363,0.2814317670731791,-5.251597158228029,-5.765007085076846,-2.8336490565041643,-3.04299717384222,2025.0,6.844209949790637,4.340880030963956,5.465218291124341
San Marino,-2.4390006072843082,-1.7901000299687706,0.039129731497826364,0.012185928297660695,0.00795893791001762,0.2814317670731791,-4.229100637253079,-4.747689243435367,-2.8346253360252014,-2.010879814348235,2025.0,7.3973724923564355,19.384089256331915,12.198109511995337
Sao Tome and Principe,-1.523861019512642,-1.726586235214482,0.03607793329561522,0.017814210975850262,0.009140140196208858,0.2814317670731791,-3.250447254727124,-3.7877457738536267,-1.9037448612096282,-1.9935260110130713,2025.0,27.45717006046926,21.121431405767275,24.136657511984584
Saudi Arabia,-0.8393088857668906,-0.5899444399940326,0.013790606150918608,0.015619085992048181,0.006719413017071098,0.2814317670731791,-1.4292533257609232,-1.8432509981075633,-1.0741757088894304,-0.8398971234527078,2025.0,57.12815436885448,69.56196180857953,63.36884609364706
Scotland,-0.3482361460108133,-0.3823992458655928,0.016862359046287998,0.016985894622689138,0.007996894764612494,0.2814317670731791,-0.7306353918764061,-1.1771420242938972,-0.6079464388086768,-0.6430591363181835,2025.0,80.7797490341088,79.29398204579708,80.04197335074528
Senegal,-0.3856709006342772,-0.0976733021413034,0.015568616636265863,0.02177473424642913,0.009068790562714566,0.2814317670731791,-0.48334420277558066,-0.9544320162801294,-0.6352194260658323,-0.39279859246003657,2025.0,79.14958940610147,90.1731437099755,85.12540346575118
Serbia,-0.3197664590691367,-0.4272295627825716,0.014708959088653075,0.016831928082693744,0.0073257113252903705,0.2814317670731791,-0.7469960218517083,-1.176843947620474,-0.5623274541912138,-0.6867054042992242,2025.0,81.98550902712726,77.28557837424226,79.68500953603689
Seychelles,-2.1283095482042,-2.1372990909677543,0.03151572756690011,0.015808155833788754,0.009721782510428337,0.2814317670731791,-4.265608639171955,-4.782396597319377,-2.4833629389324123,-2.388760068726044,2025.0,11.95060861181345,11.791203299449627,11.87068005986256
Sierra Leone,-1.1188881972253435,-0.8867879955663319,0.0234197670762225,0.021247102447112108,0.009759183346416877,0.2814317670731791,-2.0056761927916753,-2.5123722998071853,-1.4249585621823089,-1.1783157125821389,2025.0,43.70508522097285,54.77186479852703,49.12329448970376
Singapore,-1.6139599912908698,-1.7291277033371355,0.019138224346452005,0.016833647073201622,0.008603108189665021,0.2814317670731791,-3.3430876946280055,-3.804295187190664,-1.8906419339358642,-1.988616794230773,2025.0,24.490459038182266,21.049690744354454,22.72128639706066
Sint Maarten,-1.873348713374406,-2.2163126329281146,0.03913494449160969,0.02297445964505665,0.010412005732161575,0.2814317670731791,-4.08966134630252,-4.665624593744541,-2.26899979446283,-2.5194591957986616,2025.0,17.278405596657176,10.46599774386422,13.519347593504548
Slovakia,-0.5435859315790665,-0.49004000392737557,0.015718309342478583,0.01694876966681098,0.007774810863541212,0.2814317670731791,-1.033625935506442,-1.472791966689966,-0.7943312951850848,-0.7504148849494203,2025.0,71.81816167177067,74.37421595357262,73.10370536459332
Slovenia,-0.5984852792405022,-0.3873557011572335,0.0168232744783444,0.017423215839173292,0.008036515707802453,0.2814317670731791,-0.9858409803977357,-1.4344812448998092,-0.8578944115265064,-0.6513497604780697,2025.0,69.14270990371875,79.07509288381263,74.23829915902813
Solomon Islands,-1.6746681978371536,-1.8794675545601858,0.02178050852685415,0.023141985678375745,0.010559195582322975,0.2814317670731791,-3.5541357523973396,-4.068104176991208,-1.9698326166064501,-2.183717357704745,2025.0,22.628100400871677,17.131117917357574,19.731196466754042
Somalia,-1.918584369541854,-1.517011737195266,0.04967650512021752,0.020731331865071295,0.012270382665960648,0.2814317670731791,-3.43559610673712,-4.051870728370074,-2.364348904336705,-1.8049793177669082,2025.0,16.21316128746636,27.692660068939556,21.370945606674752
South Africa,-0.7267147532197428,-0.4855290136775843,0.016728565209861358,0.021075104840919675,0.009211550782286328,0.2814317670731791,-1.212243766897327,-1.6864874663403608,-0.9853926626736531,-0.775874358678462,2025.0,62.76326383583621,74.58667597527786,68.76702112523712
South Korea,-0.4461466209217734,-0.26499240975319915,0.0154594738638195,0.021007638413118868,0.008994897116344588,0.2814317670731791,-0.7111390306749725,-1.177859103136518,-0.6948188860726703,-0.5548726499429635,2025.0,76.41989047962397,84.21492300324032,80.46429034864944
South Sudan,-1.6619837232346053,-1.3884478772642193,0.03125194857498708,0.018714011032262914,0.009575484319796912,0.2814317670731791,-3.0504316004988246,-3.5762335717649805,-2.0155481364607506,-1.6620462035183314,2025.0,23.008210046628196,32.37303774529898,27.4107572681771
Spain,0.3143581820877774,0.2365271015202942,0.011718057416746076,0.018409950176286376,0.006695469906799283,0.2814317670731791,0.5508852836080715,0.13366137534474581,0.0978582290462483,-0.034839441563309786,2025.0,98.48717688043178,97.59671836444514,98.07689277939427
Sri Lanka,-2.1385260071772336,-2.018325707586528,0.026747644586272646,0.019292900994068243,0.010403428800881657,0.2814317670731791,-4.156851714763762,-4.6739490099881875,-2.465620150116374,-2.2961234829128845,2025.0,11.769587172917173,14.051928479186904,12.868507229093396
St Kitts and Nevis,-1.799966052401552,-1.9396432339548337,0.021678525887065557,0.022245960624147958,0.010326394245345122,0.2814317670731791,-3.7396092863563855,-4.247850469268214,-2.094438637794933,-2.2379448304919487,2025.0,19.124494716783826,15.735668299671735,17.36417726876136
St Lucia,-1.664632141854814,-1.8695980168856623,0.027282055654135298,0.02568962391091977,0.012774906317951753,0.2814317670731791,-3.5342301587404763,-4.0946638914902405,-1.9949777527179542,-2.190157676923664,2025.0,22.928454410396494,17.369188395849555,19.999525973226373
St Vincent and the Grenadines,-1.366872312176338,-1.8255724248544039,0.021908518493003157,0.018312915132252243,0.008879884631848651,0.2814317670731791,-3.192444737030742,-3.6740304631022385,-1.6629028409601319,-2.096222864589884,2025.0,33.20637313842207,18.463443758909605,25.055287315615814
Sudan,-1.162026157004428,-0.885208375608936,0.021893712209191805,0.018364683180892728,0.00958916086736774,0.2814317670731791,-2.0472345326133636,-2.5348274658058783,-1.4579566367404078,-1.1562410908363987,2025.0,41.76506001811465,54.849927720978854,48.13383414862874
Suriname,-1.0403484742285813,-1.1213861740258275,0.020623924284735126,0.020831856062800386,0.009199780275467766,0.2814317670731791,-2.161734648254409,-2.6510416721094563,-1.3275691161381427,-1.4100510736087202,2025.0,47.34285645478305,43.591567238757676,45.44995771720956
Sweden,-0.3231900386618308,-0.4507224219129572,0.015931575248843553,0.018826203880369798,0.008595988006076553,0.2814317670731791,-0.773912460574788,-1.2297622390824294,-0.5756307267360282,-0.7251396508208361,2025.0,81.84214318250737,76.2089821673085,79.09276471477423
Switzerland,-0.09350399400587012,-0.15807378514121187,0.014703801185479749,0.017186849508384693,0.007686835613494729,0.2814317670731791,-0.251577779147082,-0.686384963636271,-0.336022456688444,-0.4202710353814437,2025.0,90.30353842172055,88.18180415276517,89.26979569145419
Syria,-0.9782942521134127,-0.8621302399342973,0.015607109769608107,0.01753186959438533,0.0077647881969439,0.2814317670731791,-1.84042449204771,-2.28164351139244,-1.2281510892790832,-1.126946172947289,2025.0,50.30156998446251,55.993164364983386,53.126477375966765
Tahiti,-1.8303171867494148,-1.736433572025086,0.0234491815914267,0.026299075540305233,0.011047661828203709,0.2814317670731791,-3.566750758774501,-4.102823816437874,-2.1365796989276227,-2.0607733663168455,2025.0,18.342954354525954,20.84449927864994,19.562598876683346
Taiwan,-1.8167498259940904,-2.1057201275394593,0.025845280732727568,0.018070400716350514,0.009743564734645842,0.2814317670731791,-3.9224699535335494,-4.426068249473358,-2.1382791760243953,-2.374572508718057,2025.0,18.689144919765322,12.359208921923837,15.258016853478596
Tajikistan,-1.2813528068356688,-1.1916254874479018,0.017421507111049766,0.020292250967499474,0.00849703368880492,0.2814317670731791,-2.4729782942835703,-2.940772374862447,-1.545333920637772,-1.4765272316861529,2025.0,36.640764658518556,40.459780648574025,38.523664252841506
Tanzania,-1.2843271838966452,-0.9724337111800779,0.022404975537993744,0.019592322711844336,0.010426479759748718,0.2814317670731791,-2.2567608950767233,-2.7581599687469307,-1.5836930172042807,-1.2523788680365189,2025.0,36.51786760536358,50.58436369851662,43.274475710992746
Thailand,-1.092818669187864,-1.1830622989488335,0.013384946263813998,0.01737406514640121,0.007148148847357938,0.2814317670731791,-2.275880968136698,-2.700405686403755,-1.3242053262259397,-1.446683733179066,2025.0,44.89809303748186,40.83517140129569,42.842884571924515
Timor-Leste,-2.260444484729133,-2.4329945331713536,0.03311475360202468,0.01655855526369708,0.009329120843437939,0.2814317670731791,-4.693439017900486,-5.216245102611051,-2.6243936767987113,-2.690354633137895,2025.0,9.782824936886737,7.468451026971357,8.557697732093573
Togo,-1.1716750527094268,-1.0299981883038762,0.02327125124138267,0.021214270972038207,0.010955637705799708,0.2814317670731791,-2.201673241013303,-2.717024762307343,-1.4767734056475093,-1.3213005808243512,2025.0,41.3371881090282,47.831554433060276,44.52957732747864
Tonga,-2.997182075569423,-3.150428709075157,0.047008927815471245,0.030141558666003498,0.016853699096870126,0.2814317670731791,-6.147610784644581,-6.813517338675144,-3.4308129223295274,-3.4976551980762327,2025.0,2.910617406267557,2.222192887405028,2.544944552457884
Trinidad and Tobago,-1.0726706294472084,-1.1584346668472694,0.016911828470426764,0.01645423822975615,0.007856716916889814,0.2814317670731791,-2.2311052962944777,-2.6741831699643894,-1.3327616017659474,-1.4149828161663096,2025.0,45.83018926179056,41.92489877286385,43.85688576084089
Tunisia,-0.5950385826679058,-0.27854115781508254,0.014548349663255553,0.0201799478389957,0.008326826281524662,0.2814317670731791,-0.8735797404829884,-1.3269314805934707,-0.8362716621844227,-0.562653444342756,2025.0,69.31202111283545,83.6750647282856,76.8493520237438
Turkey,-0.16929098343243418,-0.3989140141105939,0.014812840338808633,0.016159399296509815,0.007241361919785221,0.2814317670731791,-0.5682049975430281,-0.9946083909389479,-0.4127070086962498,-0.6531532659700172,2025.0,87.79139656944814,78.5615148699381,83.45121173885177
Turkmenistan,-1.4239153067727695,-1.4772648748008101,0.025077859126696793,0.02305675170669152,0.011444527528137573,0.2814317670731791,-2.9011801815735794,-3.4341854944539048,-1.7406351143421528,-1.7809538716821032,2025.0,31.032785072027135,29.087009922014538,30.049300109786458
Turks and Caicos Islands,-2.632543603997819,-2.962753698869726,0.03900252347803118,0.02411558402566727,0.011787991064428344,0.2814317670731791,-5.595297302867545,-6.184174504438654,-3.0275247350814753,-3.27333756210584,2025.0,5.404794622028541,3.0901999982444806,4.101258973000244
US Virgin Islands,-2.748997497160113,-2.7605387294251824,0.041002198448093684,0.024506477005717266,0.012904441940970054,0.2814317670731791,-5.509536226585295,-6.11391213390044,-3.1539774890021484,-3.0736296236122684,2025.0,4.45210266834658,4.366495251411518,4.409110558886365
USA,-0.29677967111614967,-0.4189054131053299,0.013594513984417777,0.01835220076589342,0.007780648565258654,0.2814317670731791,-0.7156850842214796,-1.1516117380559452,-0.5299706999694722,-0.6898460026514031,2025.0,82.93611906035008,77.66321514500498,80.36611857287235
Uganda,-1.091268553972895,-0.6763187351615004,0.020718939753850887,0.022498107677612636,0.011018277269528183,0.2814317670731791,-1.7675872891343953,-2.2784829809170524,-1.3791500556630931,-0.9763061194136562,2025.0,44.96949889189178,65.28440058064629,54.919863491799916
Ukraine,-0.36506364862546725,-0.34058537353362583,0.015892907524434122,0.016834736216547377,0.007567978380331334,0.2814317670731791,-0.7056490221590931,-1.1432040495631632,-0.6171977996200053,-0.6000828588127505,2025.0,80.05302193364926,81.10676806817148,80.58259962695888
United Arab Emirates,-0.7998007137335235,-0.7722528760669751,0.014660153620834525,0.01628739731726324,0.007165953838047073,0.2814317670731791,-1.5720535898004986,-1.99763300008343,-1.0419589563835272,-1.0274970518458808,2025.0,59.10104004706538,60.48059951740443,59.79054613717183
Uruguay,-0.13746332614119136,-0.017519242152011665,0.015651638639375316,0.018737804931579033,0.008419491737912734,0.2814317670731791,-0.15498256829320303,-0.6076565218040266,-0.3876763445025493,-0.2912914462310893,2025.0,88.88254777042621,92.51474845768551,90.79567297567908
Uzbekistan,-0.5966943746110013,-0.5268947958241751,0.016139452163719956,0.019879611325990268,0.008701130976078952,0.2814317670731791,-1.1235891704351764,-1.5858502457675825,-0.8507766617836412,-0.808884946900345,2025.0,69.2307040351842,72.62127830748419,70.93618216584466
Vanuatu,-1.8034679600490726,-2.06310485551629,0.025748699709764747,0.02219778085638367,0.010336716083199445,0.2814317670731791,-3.8665728155653625,-4.390480871363504,-2.124395987555333,-2.3610832497423386,2025.0,19.033009644792497,13.162003281639956,15.87858676177718
Venezuela,-0.3831044425403843,-0.4237695400005323,0.01907579870615329,0.01708500332639971,0.008780695446939834,0.2814317670731791,-0.8068739825409166,-1.2704349512448516,-0.6593347718393465,-0.6851887690285416,2025.0,79.262888786047,77.44279758203294,78.35937114424912
Vietnam,-1.2589497205785556,-1.2505082953432092,0.01526040043420721,0.018696915562840092,0.008080447044228422,0.2814317670731791,-2.5094580159217648,-2.9571999509044247,-1.5060157071830027,-1.5239816253981897,2025.0,37.57421190527337,37.92946366669132,37.751598037358626
Wales,-0.46077064065067264,-0.3503917519797335,0.016038269114120023,0.0185456553090941,0.00817523867641298,0.2814317670731791,-0.8111623926304061,-1.2625354169729783,-0.7140552166841929,-0.6227566198250127,2025.0,75.74385237611246,80.68722380547622,78.26331472101873
Yemen,-1.4188898866161543,-1.3450657465900213,0.02158381959008087,0.020240279306685635,0.009836478596490481,0.2814317670731791,-2.7639556332061757,-3.259927632777714,-1.7127185413799868,-1.629602417735838,2025.0,31.220431909476076,34.0623434196018,32.62151321438962
Yugoslavia,,,,,,,,,,,,,,
Zambia,-0.9690114307336799,-0.8878886234821662,0.019915233619350863,0.020889730628837068,0.010477207948260969,0.2814317670731791,-1.856900054215846,-2.3539287461229024,-1.251254117932841,-1.176954225924498,2025.0,50.74974986376497,54.717488168079775,52.72299135160308
Zimbabwe,-1.0529533294383073,-0.9157889917361599,0.022806309165167966,0.021676103720569127,0.01132270898074168,0.2814317670731791,-1.9687423211744672,-2.4869231037097537,-1.3549884874260354,-1.2102451257905833,2025.0,46.75048360774934,53.343478069606306,50.0089123579629
